Time (s),IPS,Memory Throughput (MB/s)
0.00038814544677734375,44919781573,589.9625654
1.174438714981079,5062726074,448.75029680000006
2.401007652282715,6018325782,638.2706459999999
3.582050085067749,93174890393,2024.9547812
6.007112264633179,31825973766,27549.4052548
7.358092546463013,8214695797,26215.4227504
8.584481477737427,20226131224,7684.455615200001
9.879241943359375,20643383183,16639.549017
11.164828300476074,21087127823,7176.9953242
12.404848575592041,20909727318,7697.971811400001
13.6531503200531,19170815081,7384.3729908
14.860228300094604,28943560272,7450.852962800001
16.226787090301514,18116254124,7437.934457200001
17.5119469165802,18862906267,7448.493657800001
18.746167182922363,22603081760,5172.844370200001
20.055088758468628,22275661533,18571.243093
21.350390911102295,22114439055,13867.1664118
22.658188343048096,22961884658,4243.0055694
23.97927737236023,9424214063,7331.566502
25.207618713378906,57789959140,7591.320739600001
26.48057723045349,14350346806,7365.959926
27.691596746444702,24160539777,7458.0567074
29.00010323524475,24678562422,7402.7755698
30.30297875404358,24685575007,7401.255128800001
31.614493131637573,24542303966,2941.9799344
32.88378548622131,31004842508,25319.002194200002
34.29251170158386,19552498240,7794.9549756000015
35.57581090927124,21750368813,5775.064835800001
36.827786684036255,25804566367,7726.3988152
38.12377166748047,26017408263,8470.156609200001
39.38281869888306,25797363881,8624.864102399999
40.65138578414917,33513519625,8866.9392812
42.02649784088135,20112608924,8867.3796848
43.292964458465576,22215070753,14119.9790498
44.52106523513794,26054690125,16003.8893352
45.83136439323425,25822250455,5512.060000200001
47.10973525047302,6938440653,8140.137025800001
48.30695343017578,29016037665,9293.365309800001
49.71544289588928,12572489953,9148.1579514
51.0355761051178,2142061959,9309.995788600001
52.28152918815613,1393385540,9243.872333800002
53.43738627433777,2886341839,20818.6436354
