Time (s),IPS
6.961822509765625e-05,5737510498
1.1881511211395264,6592317612
2.391237258911133,8200659330
3.5891902446746826,8117844884
4.79909610748291,8127095425
5.967144250869751,8255156473
7.158625602722168,8195573558
8.338979959487915,8144535307
9.51896071434021,8221741342
10.698925971984863,8126902369
11.870767593383789,8111969283
13.04703974723816,8173455521
14.230907917022705,6681351386
