Time (s),IPS
6.29425048828125e-05,7178750188
1.1776187419891357,7235403605
2.3575286865234375,8753019715
3.5136313438415527,8777289894
4.673520803451538,8683722419
5.833470344543457,8852031174
7.00633692741394,8754097152
8.205276012420654,8695097350
9.353319644927979,8746251800
10.513418912887573,8710154413
11.65543532371521,8695554763
12.811413288116455,8747232764
13.985318899154663,1375817768
