Time (s),IPS
6.365776062011719e-05,7612170964
1.1657030582427979,7689530261
2.337719440460205,9436899601
3.5094211101531982,9605841646
4.689678192138672,9414052739
5.853499174118042,9535118809
7.0472729206085205,9496728132
8.19923734664917,9442346976
9.347294807434082,9729417737
10.533390760421753,9525830072
11.70138692855835,9449131648
12.857358694076538,9614019515
14.017293453216553,5916372526
