Time (s),IPS
4.57763671875e-05,7902485111
1.152916669845581,7671691436
2.2990994453430176,9098692374
3.4391560554504395,9259741089
4.591062784194946,9144624067
5.742984771728516,9138288302
6.894847393035889,9248740261
8.058506965637207,9148309641
9.225269794464111,9100067190
10.377054929733276,9284731475
11.557205200195312,9112823352
12.709247589111328,6779407542
