Time (s),Memory Throughput (MB/s)
1.0010881423950195,562.458312
2.2113771438598633,588.8091274
3.2130014896392822,1667.6511462
4.214632034301758,66.9623188
5.216270208358765,58.982625000000006
6.217825174331665,57.776758000000015
7.218774318695068,32.2648066
8.220302820205688,48.57022560000001
9.221808910369873,61.0483276
10.223426818847656,58.8358238
11.225070238113403,59.1084546
12.226653575897217,57.0846952
13.228312253952026,56.256317
14.22995138168335,356.82128819999997
