Time (s),IPS,Memory Throughput (MB/s)
0.0005295276641845703,4244273085,540.9624220000001
1.2820992469787598,2849498822,452.5356706
2.4750351905822754,975528602,969.254923
3.649541139602661,615759119,7954.328649800001
4.832318305969238,595121790,8612.207741799999
6.0464208126068115,576978532,8646.915739800002
7.270144701004028,580153005,8670.4878182
8.490318298339844,582683005,8655.8810988
9.714197397232056,577365398,8637.415605
10.929503440856934,673851565,8681.6971384
12.139719009399414,563716591,8520.3731054
13.344944477081299,649151036,8236.753187
14.59114670753479,1675279271,8304.6906852
15.798699378967285,5041586229,8467.0108692
16.99906349182129,5162038869,7977.292551800001
18.202925205230713,5320550676,1546.1207241999998
19.416926622390747,5510034793,285.895337
20.657373189926147,5076029651,368.3871256
21.85759663581848,5622243522,285.2452174
23.073271989822388,5351187097,189.64617880000003
24.269392251968384,5532122219,265.67871460000003
25.457442045211792,4413356698,353.0988292
26.67076802253723,5594719520,193.8719562
27.882815837860107,5339732197,276.98240699999997
29.082642793655396,5632122073,205.36439299999998
30.265331506729126,5324320172,243.13424460000002
31.46504259109497,5394724966,334.25584660000004
32.66476655006409,5567354025,326.38101080000007
33.8807647228241,5616475698,214.14100760000002
35.082704305648804,5505679110,185.24214280000004
36.273558139801025,5364693174,319.3555248
37.48348116874695,5591024286,226.5666806
38.70641303062439,5222070066,305.66107
39.880661964416504,5359326204,206.0774274
41.06867337226868,5571223464,344.66824600000007
42.26050567626953,5511526456,194.53256159999998
43.44441604614258,5290171066,284.98307239999997
44.644572734832764,5332126519,210.1144604
45.83671259880066,5589153997,188.3039964
47.03858923912048,5359919083,348.75770800000004
48.234636545181274,5284840221,336.1013474
49.47035622596741,5338894921,185.0324268
50.66250562667847,5539306470,163.7777102
51.868648529052734,5345933695,321.99794640000005
53.06457448005676,4866427323,229.2510454
54.24461126327515,5586841158,318.42228860000006
55.4464693069458,5553268511,207.97535720000005
56.64166831970215,5517771611,287.8981248
57.85785269737244,4671562703,207.2832944
59.04586863517761,5517328461,318.42228860000006
60.26180577278137,5351958395,203.6971508
61.481183767318726,5389871579,180.0726434
62.68034076690674,2017072164,329.1702336
