Time (s),IPS,Memory Throughput (MB/s)
0.0005238056182861328,35121082655,577.1698894
1.1797566413879395,5051037731,520.4521972000001
2.3379974365234375,6230735379,626.998411
3.5056185722351074,40264885758,1971.0263118000003
6.358134031295776,38159407260,22063.255666400004
7.813168525695801,10011401704,28165.089487600002
9.069271087646484,20674924777,4003.6986418
10.346993923187256,20932692505,19506.7651974
11.633378982543945,21102764933,7583.770963600001
12.916323900222778,21034812703,7819.271545799999
14.196774244308472,14286466790,7634.5851504
15.389711856842041,42741135898,7492.2509012
16.768431901931763,12871710853,7428.182663199999
18.02055025100708,21640292064,7225.638950400001
19.2847683429718,22799012705,6048.303812200001
20.57315993309021,22703356920,6169.456745400001
21.903462171554565,23371660519,24208.9020056
23.223650217056274,23669957379,3482.8270126000007
24.46399188041687,19825494325,6590.8391042
26.09646439552307,13484843195,7436.4979026
27.3478045463562,22923708095,7555.291530800001
28.605032444000244,23490866324,7461.789652200001
29.869910955429077,24754786514,7324.9289906
31.156303644180298,24068884570,7360.224193400002
32.433354139328,22590206892,3484.641056
33.64783191680908,42051344777,23649.411175
35.00896143913269,10121705065,9892.6916946
36.29835891723633,25397939142,5996.7451336
37.633020877838135,25576512185,7275.310185
38.97243690490723,25481113968,7519.8600126
40.268667221069336,27363726324,7863.542593400001
41.577670097351074,49973333348,7933.745024400001
42.94109773635864,11069481002,8315.847576400001
44.20182991027832,26707572100,5004.725538800001
45.52089786529541,27842826594,25386.142771600003
46.797348737716675,16353136770,7244.2827028
47.9931218624115,8149851978,6474.226522400001
49.166749238967896,54317994105,8320.241126600002
50.43908643722534,12195033249,8434.6097472
51.624619245529175,1532921663,8379.402010200001
52.77241897583008,1574654021,8521.599944000001
53.931681394577026,2737195330,7377.4209054
