Time (s),IPS,Memory Throughput (MB/s)
0.0013377666473388672,45559998530,613.4088142
1.1712124347686768,5174572449,474.26224820000004
2.3892438411712646,5993039069,723.625058
3.590543746948242,69564791861,1967.083651
6.052291631698608,43900238344,23690.9454288
7.370499134063721,9586048299,26323.5208626
8.588544607162476,20455563641,8073.4158804
9.81693172454834,21164217383,15864.249936600001
11.073026180267334,21446206518,8008.026431600001
12.350178241729736,21054354334,7980.050317200001
13.653704166412354,16583551205,8380.565934000002
14.878769159317017,42486474530,7808.7333168
16.141597270965576,20781016922,7403.310345600001
17.371541500091553,19988286649,7592.6314646
18.562658071517944,23579403989,3987.6658536000004
19.826364994049072,22706172731,19159.0875268
21.127651929855347,22704734716,11278.7152244
22.42895483970642,24132954141,4011.2379320000005
23.729788064956665,11501146823,7425.540241600001
24.945430040359497,57852601381,7561.7507836
26.13125729560852,11406333942,7575.319408799999
27.32516384124756,23465887895,7778.681014000001
28.637622117996216,24136277320,7591.729685800001
29.933960676193237,24559446782,7701.914472200001
31.19916868209839,25020546451,2251.2698026
32.48614263534546,12143964142,25276.293530800005
34.053399324417114,20103685789,6400.060459000001
35.33245277404785,21992107580,6568.672123
36.58604454994202,26899933501,8149.0080126
37.86150240898132,25750657790,8423.421398600001
39.165905475616455,26297399246,8495.9516772
40.4436149597168,46670062061,8585.699639400002
41.929150342941284,10535170059,7633.4736556
43.149372816085815,26186729183,20712.883856600005
44.4543182849884,25903886582,12284.376845
45.746089696884155,20316247121,6386.271632
47.002049922943115,6596206145,8355.630701600001
48.18616461753845,42096007883,9346.717060199999
49.45686602592468,13319339407,9253.3829544
50.74538493156433,2070080977,9243.138327800001
51.94905972480774,1270641960,8052.465252
53.10517978668213,3095564398,25925.6371816
