Time (s),IPS,Memory Throughput (MB/s)
0.00043845176696777344,7799622924,1362.7240822000003
1.2092959880828857,5798885284,4592.3924254
2.3718578815460205,5856054494,3004.4962740000005
3.518040180206299,5847418521,2883.5845142
4.662487745285034,5833082042,2887.1392004000004
5.807848691940308,5954004412,2889.2153888
6.964357852935791,5837106783,2884.3709492
8.116697072982788,6959351410,2867.813871
9.303959846496582,7018885233,2784.084758
10.505310773849487,2246340185,2798.8487644000006
