Time (s),IPS,Memory Throughput (MB/s)
0.0008614063262939453,8092312667,2580.9433546
1.1941921710968018,6737590872,3999.2736342
2.326457977294922,6823898271,3091.528414
3.483713150024414,6742413213,3021.7034718000004
4.61554741859436,6725700567,3054.5240258
5.747925758361816,6790362121,3023.108569
6.881375074386597,6707322387,3035.7754154
8.013694286346436,7716977064,3038.4807518000002
9.179115295410156,7872545824,2895.0559794000005
10.385210037231445,2322102276,2881.3090956000005
