Time (s),IPS,Memory Throughput (MB/s)
0.0004146099090576172,8112571054,2867.5726976
1.1828017234802246,6845301410,3637.4401335999996
2.316183567047119,6969766442,2958.0861232000007
3.4677820205688477,6921357797,2917.9779382
4.616659641265869,6877372172,2915.7759202
5.748753070831299,6977475252,2912.745524000001
6.879069805145264,6844653997,2908.9601502
8.010209798812866,7988141823,2921.4172806
9.193114519119263,8082644511,2803.693204
10.389134645462036,1821423311,2808.9046466000004
