Time (s),IPS
4.9114227294921875e-05,8594949157
1.1488616466522217,7359150670
2.2770893573760986,7297092877
3.3993465900421143,7325889825
4.523907423019409,7467613387
5.658591270446777,7390165455
6.781373023986816,7490622541
7.926980495452881,8691464988
9.079174041748047,8587272693
10.212913751602173,1473635563
