Time (s),IPS
5.030632019042969e-05,8510043092
1.1230714321136475,7291871360
2.2660410404205322,7418555739
3.3880090713500977,7361901237
4.510231018066406,7487095649
5.6493847370147705,7382239152
6.776652574539185,7559709882
7.924707651138306,8770040112
9.092878103256226,8525470702
10.240739107131958,1406391234
