Time (s),IPS,Memory Throughput (MB/s)
0.0004413127899169922,14306460138,470.62367560000007
1.2039546966552734,13734191510,372.5709598000001
2.3846468925476074,4060613563,451.9065226000001
3.602865219116211,4728566462,543.0176388000001
4.8337624073028564,64931915677,1532.3423830000002
9.562371492385864,7840217306,4991.114970400001
10.97792100906372,38225303192,12429.699547200002
12.198120832443237,9701085514,13944.7298744
13.508862972259521,18257718241,14059.9688164
14.863374471664429,18166985774,7606.598550200001
16.174474954605103,18452663528,1459.9274482000003
17.546634435653687,18178073385,19900.590873800003
18.900811672210693,13487726014,5611.4548984
20.13827085494995,18612711948,7527.682419400001
21.752623081207275,21364870700,8041.6963354
23.037525415420532,13194930869,7708.489068800001
24.326403379440308,20044262986,7756.9858938
25.66568422317505,20170005824,7793.308705
26.99727511405945,19838300171,7935.768783800001
28.452937602996826,20939127879,5180.5933764
29.891490697860718,11744578452,3160.5774070000007
31.198969841003418,42456044301,22085.9888808
32.572205543518066,8085149145,9704.660329
33.858909368515015,21146546177,3975.0199788
35.218055725097656,22837036820,7490.7094886
36.65849757194519,21566102065,7129.211533600001
37.95298671722412,22153688296,7526.9274417999995
39.29354667663574,13134403117,7812.1097444
40.730448484420776,22362325369,8061.3047814
42.2713623046875,18409766522,8340.541635399999
43.65416097640991,23570869626,4662.6367996
45.04848265647888,23834982839,17411.1780674
46.423447370529175,23873979120,14135.047144400001
47.806586027145386,17379047558,4145.2779134
49.53898906707764,17163423535,7836.9506046
50.897862911224365,19067916063,9139.6434818
52.23802304267883,23888825855,8728.432349
53.63850665092468,23295968096,8418.356757200001
55.00613760948181,6017393430,8458.1713398
56.23519778251648,9523756631,7851.630724600001
57.86481761932373,20654503407,18822.7030628
59.157772064208984,9137121618,13523.8298624
60.34317493438721,914592665,5610.217574
61.591930627822876,3083650557,8510.3067374
62.868491411209106,1016002948,9027.130847800001
