Time (s),IPS,Memory Throughput (MB/s)
0.0006113052368164062,37090801252,587.9492918000001
1.1879749298095703,5022428474,465.8526366
2.3747341632843018,6150172562,666.2362746000001
3.537564754486084,28532229785,1750.0905057999998
6.473951816558838,27767761414,17088.309799600003
7.893795728683472,7807940990,32163.5452294
9.14197325706482,21753618149,6134.580974600001
10.418554306030273,21806938233,20459.7147014
11.684829950332642,21934181368,6180.257119400001
13.005077123641968,21626923266,8117.707899600001
14.329630613327026,13123554328,8573.2529948
15.550298929214478,38107891082,8358.661097799999
16.745647430419922,20947453472,8353.6908286
18.044055461883545,19629229016,8462.1244864
19.345178365707397,23037533063,7046.300313
20.610118627548218,23936606188,4198.6296638
21.90465807914734,23936569018,22056.146294000002
23.201110363006592,23072776973,6830.2508898
24.40046191215515,39913747618,6839.415479000001
25.67337417602539,12617910930,8365.309095000002
26.972206830978394,25046464215,8555.6053934
28.271541357040405,25709038084,8758.0757056
29.589869499206543,25313141866,9142.2229886
30.913233280181885,26313430850,9366.273077200001
32.181111574172974,40141110157,6590.503558599999
33.661229372024536,10442203510,24128.937294800002
34.96560263633728,25834464115,6618.259471200001
36.33358979225159,27227273286,8332.006194200001
37.68002438545227,27994081131,9751.1543662
39.016733169555664,21112416889,9769.032655199999
40.273794651031494,59727313375,9957.5568534
41.46188282966614,17307276885,10329.1106906
42.68938994407654,26203412917,13933.258409200002
43.98133945465088,26392765886,18014.310797600003
45.25303101539612,8806036335,6486.148877
46.506717920303345,5968962860,8987.4945238
47.77863264083862,26841079923,10068.339330400002
49.08871030807495,11392373235,10256.748184800002
50.236618518829346,1100286900,10220.268086600001
51.37536382675171,3088555765,8889.8507542
52.52900218963623,1069721513,28164.8168568
