Time (s),IPS,Memory Throughput (MB/s)
0.0005383491516113281,45814929924,610.2945316
1.1728062629699707,5046721236,461.38568580000003
2.384263753890991,6056043823,728.0920088
3.5751893520355225,65667332758,1997.1674112
6.002691030502319,35824874048,23395.203925600003
7.3013222217559814,8648202033,26572.736871200002
8.560781240463257,20610329636,11946.534854800002
9.872254848480225,20764983063,12105.4052106
11.207602739334106,20323071034,7246.170146799999
12.475784540176392,19979473988,7159.5259814
13.724601984024048,19285693962,7163.730787200001
14.927766799926758,18229266006,7134.727064400001
16.296000242233276,25131778171,7166.530495800001
17.51622700691223,17446452495,7181.9026786
18.726865530014038,21717889028,5870.789704
20.006184577941895,21790335096,11370.382088
21.293196201324463,22075406565,20256.8669004
22.58784580230713,21949324815,3308.2803858000007
23.866260766983032,18917222148,6534.939304400001
25.063154697418213,33835767326,7444.8970284
26.464110851287842,13604614332,7209.564219000001
27.758302927017212,21368275789,7265.401104000001
29.004334926605225,22541336145,7527.1057004
30.26883053779602,24069879212,7449.7624396
31.569577932357788,24401845213,5621.9826416000005
32.922378063201904,21685789385,9780.074202600003
34.167123556137085,42686100571,18072.0875556
35.40231680870056,14388543564,6018.4926828
36.7242796421051,23922318559,7060.309341800001
38.007808446884155,24883301410,7915.216615800001
39.2767436504364,25117180915,8088.116972000001
40.560588359832764,25279231764,8290.3985398
41.86813569068909,40301175758,8377.6508816
43.303898334503174,10993596807,7466.6550634000005
44.57371139526367,25295025674,16786.2663306
45.86776304244995,25675203358,12417.515047600002
47.21996068954468,21922176165,5258.848901799999
48.49571347236633,7070174722,7770.764235000001
49.66647934913635,39630131251,8814.940199
50.94475436210632,16013956164,9028.0955414
52.2686071395874,4582134501,9086.9628226
53.455047607421875,964575683,9072.481932800001
54.61646556854248,3517280455,20396.548242200002
