Time (s),IPS,Memory Throughput (MB/s)
0.0013227462768554688,43117577764,611.6367140000001
1.1904964447021484,4998762845,456.31055860000004
2.368638753890991,6113126236,726.3094228
3.5319459438323975,33487571051,1844.6095070000001
6.108319520950317,30510291310,21436.0055962
7.467471599578857,9031775100,27731.617001400005
8.763779163360596,22343047152,3515.6370808000006
10.024867296218872,23397987120,20489.5468024
11.321041345596313,22286097904,7709.369876000002
12.608759641647339,21644691676,7943.108843799999
13.885016202926636,13717488749,8417.0355464
15.085070371627808,47909314799,8663.5042754
16.383459329605103,10393393652,7829.3169422
17.613301753997803,23465467259,7946.7264448
18.899747610092163,23789727351,3905.3942668
20.220677137374878,24169606750,20703.9289834
21.492456436157227,24702743832,10484.4473318
22.792155742645264,19515697188,5199.950163200001
23.998828172683716,42116583855,7886.1814356
25.427913904190063,10317429131,8598.471343800002
26.685191869735718,24309409696,8430.792915999999
27.97236442565918,25354445155,8562.117075200002
29.29225754737854,25551899145,8821.4833382
30.67119002342224,25240992561,5199.8872484
31.94490885734558,47860138220,16962.385827400005
33.35733127593994,10518124361,11963.008046600002
34.561620473861694,26075399396,6463.132546000001
35.82461452484131,26809477746,8587.7233988
37.127729654312134,26953050856,9262.9564898
38.45487570762634,26029342861,9253.1312952
39.683403730392456,52647760394,9114.771164199998
40.96856379508972,11973106798,9176.9729298
42.17219591140747,27246410517,20825.847380000003
43.48506307601929,28112574847,11102.9103016
44.79671502113342,15604491116,7207.5928886
46.03264021873474,7575203167,8868.1661198
47.25596594810486,58007822336,9180.8631616
48.436118841171265,11821761987,9457.66731
49.60472273826599,1146352259,9344.3262978
50.742528438568115,2682169597,10558.9174834
51.90415406227112,1500389886,20605.068861000003
