Time (s),IPS,Memory Throughput (MB/s)
0.0005640983581542969,4241636024,391.61317260000004
1.3167335987091064,1398084542,506.67385599999994
2.494205951690674,888777389,4120.237823
3.6733484268188477,507650922,8518.5905194
4.888073682785034,5599786953,8476.951407600001
6.270095348358154,4107810987,15301.225391400001
7.478399038314819,4710421218,2749.7018198000005
8.69771933555603,4417910097,2593.1173683999996
9.905898571014404,4387036661,6094.640562400001
11.122015237808228,7926334660,3782.280489
12.383546590805054,8306912424,2746.9230828
13.659590482711792,8177932986,4648.774572
14.9297776222229,8092421414,5141.554743000001
16.216326475143433,7485115785,4842.604585
17.432543992996216,4978409986,5165.8713132
18.673585176467896,8715640835,4787.0927598
19.948005437850952,8148797227,4368.9295416
21.240084886550903,8292205014,969.0976360000001
22.484472036361694,8227216176,7406.2673411999995
23.7522873878479,8048946826,5888.6575072000005
25.0081148147583,5832864954,6349.099471
26.212631940841675,8267853191,6303.7693576
27.46856999397278,7765641727,5886.686176800002
28.734315156936646,7972587613,5281.6240594
30.008012294769287,8290648756,4340.7332254
31.296144008636475,8239767280,1137.0067514
32.584434032440186,6566487840,6735.6899453999995
33.867520809173584,3378295035,5365.342686600001
35.0799126625061,3492702223,4980.1573094000005
