Time (s),SM Clock (MHz),DRAM Active,FP16 Active,FP32 Active,FP64 Active,Power (W)
0.10028576850891113,375.0,0.0,0.0,0.0,0.0,46
0.8823032379150391,795.0,0.0,0.0,0.0,0.0,47
1.7227602005004883,795.0,0.0,0.0,0.0,0.0,46
2.5460801124572754,210.0,0.0,0.0,0.0,0.0,42
3.373102903366089,210.0,0.0,0.0,0.0,0.0,41
4.223717212677002,210.0,0.0,0.0,0.0,0.0,41
5.079208135604858,210.0,0.0,0.0,0.0,0.0,41
5.929742336273193,1050.0,0.001,0.0,0.0,0.0,50
6.828099966049194,1050.0,0.0,0.0,0.0,0.0,50
7.627447605133057,765.0,0.001,0.0,0.0,0.0,46
8.42705774307251,765.0,0.0,0.0,0.0,0.0,45
9.260236024856567,795.0,0.029,0.0,0.0,0.0,45
10.085304498672485,855.0,0.34,0.0,0.013,0.0,167
10.91526174545288,840.0,0.292,0.0,0.055,0.0,171
11.751392364501953,900.0,0.313,0.0,0.087,0.0,145
12.585962533950806,1125.0,0.326,0.0,0.057,0.0,161
13.413138628005981,825.0,0.312,0.0,0.053,0.0,101
14.23803448677063,870.0,0.323,0.0,0.053,0.0,209
15.067174673080444,930.0,0.306,0.0,0.058,0.0,144
15.89944052696228,1380.0,0.0,0.0,0.0,0.0,77
16.74304699897766,1020.0,0.329,0.0,0.056,0.0,207
17.528502464294434,960.0,0.325,0.0,0.02,0.0,180
18.364755153656006,1005.0,0.311,0.0,0.055,0.0,155
19.194190979003906,1065.0,0.312,0.0,0.067,0.0,193
20.04791808128357,1110.0,0.334,0.0,0.062,0.0,97
20.8908269405365,915.0,0.31,0.0,0.053,0.0,208
21.71610999107361,840.0,0.328,0.0,0.029,0.0,191
22.544065952301025,945.0,0.298,0.0,0.054,0.0,141
23.373757123947144,1410.0,0.0,0.0,0.0,0.0,84
24.158453464508057,1125.0,0.307,0.0,0.074,0.0,105
24.993849277496338,1050.0,0.327,0.0,0.059,0.0,200
25.82827925682068,870.0,0.322,0.0,0.053,0.0,183
26.668004751205444,840.0,0.337,0.0,0.03,0.0,153
27.500060319900513,945.0,0.306,0.0,0.053,0.0,183
28.31914210319519,870.0,0.314,0.0,0.057,0.0,88
29.158156394958496,1080.0,0.307,0.0,0.059,0.0,180
29.99561357498169,1410.0,0.142,0.0,0.054,0.0,83
30.827195405960083,1410.0,0.0,0.0,0.0,0.0,84
31.609835147857666,1410.0,0.0,0.0,0.0,0.0,83
32.395737409591675,1410.0,0.0,0.0,0.0,0.0,83
