Time (s),IPS,Memory Throughput (MB/s)
0.0005505084991455078,4593392975,422.29462340000003
1.2564163208007812,1333313162,379.0302126
2.4124484062194824,691369943,6727.2593622
3.620789051055908,587623803,8555.206933000001
4.820817232131958,6857778682,10660.954803200002
6.43493390083313,4524010433,7899.8024898
7.618678569793701,5447818692,2845.1540572000004
8.818583488464355,4344745625,5473.723915400001
10.036609649658203,8898836013,4913.9919114
11.316543817520142,8750251117,2440.4231488000005
12.560497760772705,8859330969,5239.513086600001
13.839308500289917,8936474010,5423.077501400001
15.066181182861328,7551599890,5404.5071496
16.28621506690979,5715829798,5398.100325800001
17.507217168807983,8861744246,5376.4576346
18.762600898742676,8702230744,2745.0146672000005
19.998788356781006,8915247015,3073.1258350000003
21.25102424621582,8911009560,6564.4148882
22.50619387626648,7855764655,5438.994945800001
23.70389151573181,5923030789,4989.290441200001
24.95761775970459,8855161176,5331.6518112
26.234098196029663,8696154620,6639.9441056000005
27.497087955474854,8775532622,6481.325409
28.739453315734863,8702883352,1347.8657036000002
29.991973638534546,7753139811,6808.325082
31.187859296798706,4687552102,4568.8622902
32.37280869483948,1967643298,5234.2072718
33.5685350894928,1705250108,5304.210472600001
