Time (s),SM Clock (MHz),DRAM Active,FP16 Active,FP32 Active,FP64 Active,Power (W)
0.10026240348815918,285.0,0.0,0.0,0.0,0.0,43
0.8813574314117432,750.0,0.0,0.0,0.0,0.0,45
1.7312335968017578,750.0,0.0,0.0,0.0,0.0,46
2.553452253341675,750.0,0.0,0.0,0.0,0.0,46
3.3795204162597656,210.0,0.0,0.0,0.0,0.0,42
4.2273547649383545,210.0,0.0,0.0,0.0,0.0,42
5.081243515014648,210.0,0.0,0.0,0.0,0.0,41
5.930734157562256,960.0,0.0,0.0,0.0,0.0,48
6.740240573883057,960.0,0.003,0.0,0.001,0.0,48
7.550714015960693,765.0,0.0,0.0,0.0,0.0,46
8.36991834640503,765.0,0.002,0.0,0.0,0.0,46
9.192959308624268,1215.0,0.328,0.0,0.051,0.0,224
10.033645153045654,1005.0,0.354,0.0,0.05,0.0,241
10.861355304718018,1095.0,0.335,0.0,0.053,0.0,199
11.689685106277466,1050.0,0.346,0.0,0.048,0.0,198
12.505461692810059,1080.0,0.335,0.0,0.054,0.0,195
13.332754373550415,1080.0,0.349,0.0,0.048,0.0,116
14.149251461029053,1035.0,0.332,0.0,0.063,0.0,186
14.972694873809814,1410.0,0.0,0.0,0.0,0.0,83
15.780600547790527,1200.0,0.333,0.0,0.05,0.0,180
16.593690156936646,1005.0,0.359,0.0,0.05,0.0,233
17.426602840423584,1005.0,0.342,0.0,0.051,0.0,199
18.24975061416626,1020.0,0.345,0.0,0.052,0.0,172
19.170599460601807,1020.0,0.351,0.0,0.047,0.0,166
19.994150400161743,1065.0,0.328,0.0,0.059,0.0,160
20.82526683807373,1035.0,0.37,0.0,0.014,0.0,214
21.65134906768799,1200.0,0.0,0.0,0.0,0.0,61
22.435830116271973,1065.0,0.317,0.0,0.05,0.0,185
23.259292125701904,1035.0,0.344,0.0,0.051,0.0,252
24.08580207824707,1095.0,0.334,0.0,0.048,0.0,190
24.908546447753906,1080.0,0.344,0.0,0.051,0.0,132
25.731428623199463,1020.0,0.353,0.0,0.049,0.0,206
26.54662823677063,1095.0,0.358,0.0,0.053,0.0,201
27.376415252685547,1080.0,0.32,0.0,0.05,0.0,193
28.19747304916382,1410.0,0.0,0.0,0.0,0.0,85
28.981536626815796,1410.0,0.0,0.0,0.0,0.0,86
29.765591621398926,765.0,0.0,0.0,0.0,0.0,47
30.54892134666443,1410.0,0.0,0.0,0.0,0.0,84
