Time (s),Package Power (W),DRAM Power (W)
0.5007913112640381,169.51385,16.735841999999998
1.00189208984375,170.486624,16.73664
1.5028316974639893,170.300588,16.654173999999998
2.0037739276885986,170.22747,16.536148
2.504681348800659,170.477958,18.308072000000003
3.0056846141815186,170.458548,19.074112
3.5066521167755127,170.11589600000002,19.045838
4.007618188858032,170.528984,18.91135
4.508588075637817,170.772878,20.596862
5.009493589401245,170.079032,20.20417
5.510400056838989,170.500416,17.004082
6.011268854141235,170.107232,17.457728000000003
6.5121729373931885,170.517386,17.54347
7.01311469078064,170.50762,18.578178
7.514002561569214,170.441702,18.048124
8.014904022216797,170.33428,17.395704000000002
8.515788316726685,170.554864,17.147904
9.016718626022339,170.482716,17.94748
9.517582178115845,170.374686,17.916544000000002
10.01848316192627,170.483452,17.934692
10.519371032714844,170.35198,17.808832
11.020236492156982,170.345998,17.950387999999997
11.521153450012207,170.44133599999998,17.92643
12.022015571594238,170.507498,18.008558
12.522902727127075,170.46050200000002,17.986711999999997
13.02379059791565,170.13018,17.96275
13.524648189544678,170.458914,16.967514
14.025540590286255,170.358696,16.761122
14.526431322097778,170.4605,18.821814
15.027363777160645,170.368584,18.432246
15.528234720230103,170.497366,18.241762
16.029160499572754,170.407398,18.192222
16.53007745742798,170.358208,17.995368
17.03094482421875,170.489676,18.009938
17.531853437423706,170.41850799999997,18.02603
18.032747983932495,170.344168,17.989311999999998
18.533641815185547,170.451224,17.975726
19.034520149230957,170.348564,17.880958
19.53542423248291,170.39299599999998,17.096494
20.036338567733765,170.240652,16.753286
20.537198543548584,170.76042999999999,18.560156
21.038185358047485,170.291066,18.54161
21.5390625,170.478568,18.267187999999997
22.03995943069458,170.50237199999998,18.230256
22.540894746780396,170.48906399999998,18.232276
23.041786432266235,170.32061,18.13812
23.54269313812256,170.604664,18.102716
24.043599843978882,170.39019000000002,18.276125999999998
24.54453468322754,170.33782000000002,18.123554
25.045445203781128,170.5783,18.022908
25.54629945755005,170.075126,17.463024
26.047239542007446,170.501394,16.750225999999998
26.548107385635376,170.396048,17.098636
27.049005270004272,170.328422,17.009928000000002
27.549888372421265,170.224052,17.102126
28.05075693130493,170.25347,16.763386
