Time (s),IPS
7.152557373046875e-05,5774195646
1.1836230754852295,6612391487
2.3437905311584473,7971683944
3.5457675457000732,8055150732
4.721512794494629,8026377922
5.899343013763428,8207370339
7.079391002655029,8016846283
8.247451305389404,8023021322
9.415354251861572,8143333238
10.629582166671753,7999680873
11.801546812057495,8253366443
13.01362133026123,8073681290
14.185312509536743,1018256153
