Time (s),Memory Throughput (MB/s)
1.0011053085327148,474.8809104
2.2449429035186768,470.28813
3.246572971343994,1863.1903446000001
4.248216867446899,68.9546208
5.249814987182617,54.295472399999994
6.251148462295532,27.000935000000002
7.252683162689209,57.7662722
8.254219055175781,57.8396728
9.255821466445923,61.81379100000001
10.25743818283081,59.297199
11.25908899307251,58.3325054
12.260724544525146,43.631413800000004
13.262173414230347,32.401122
14.263807535171509,103.0649282
