Time (s),SM Clock (MHz),SM Active,FP32 FLOPS (TFLOPS),FP64 FLOPS (TFLOPS),FP16 FLOPS (TFLOPS)
0.5006036758422852,1290.0,0,0.0,0.0,0.0
1.349548578262329,1290.0,0,0.0,0.0,0.0
2.171638250350952,1290.0,0,0.0,0.0,0.0
2.9879534244537354,1290.0,0,0.0,0.0,0.0
3.8276638984680176,1290.0,0,0.0,0.0,0.0
4.642301559448242,1290.0,0,0.0,0.0,0.0
5.470094680786133,1290.0,1.0,0.01783296,0.0,0.0
6.307413339614868,1290.0,0.993,2.5145543577599994,0.0,0.0
7.151530027389526,1290.0,0.995,2.5196189183999995,0.0,0.0
7.998653411865234,1290.0,0.993,2.5145543577599994,0.0,0.0
8.833855628967285,1290.0,0.997,2.5246834790399997,0.0,0.0
9.702610731124878,1290.0,0.997,2.5246834790399997,0.0,0.0
10.552090883255005,1290.0,1.0,1.40880384,0.0,0.0
11.39778447151184,1290.0,0.993,2.5145543577599994,0.0,0.0
12.235193014144897,1290.0,1.0,2.06862336,0.0,0.0
13.074080467224121,1290.0,0.995,2.5196189183999995,0.0,0.0
13.909374475479126,1290.0,1.0,1.94379264,0.0,0.0
14.735349655151367,1290.0,0,0.0,0.0,0.0
15.600908756256104,1290.0,0.999,2.5297480396799994,0.0,0.0
16.440042972564697,1290.0,1.0,0.96297984,0.0,0.0
17.292346954345703,1290.0,1.0,0.5349888,0.0,0.0
18.145139932632446,1290.0,0.999,2.5297480396799994,0.0,0.0
19.001706838607788,1290.0,0.999,2.5297480396799994,0.0,0.0
19.847670078277588,1290.0,1.0,2.5322803199999995,0.0,0.0
20.676119089126587,1290.0,1.0,2.5144473599999997,0.0,0.0
21.521827936172485,1290.0,0.996,2.5221511987199996,0.0,0.0
22.361521005630493,1290.0,0.995,2.4131561472,0.0,0.0
23.181644916534424,1290.0,0,0.0,0.0,0.0
24.023340463638306,1290.0,1.0,1.31963904,0.0,0.0
24.8668692111969,1290.0,0.998,2.5272157593599993,0.0,0.0
25.708650588989258,1290.0,0,0.0,0.0,0.0
