Time (s),SM Clock (MHz),SM Active,FP32 FLOPS (TFLOPS),FP64 FLOPS (TFLOPS),FP16 FLOPS (TFLOPS)
0.5005979537963867,1410.0,0,0.0,0.0,0.0
1.3550434112548828,1410.0,0,0.0,0.0,0.0
2.176255941390991,1410.0,0,0.0,0.0,0.0
2.9921298027038574,1410.0,0,0.0,0.0,0.0
3.8267040252685547,1410.0,0,0.0,0.0,0.0
4.638774871826172,1410.0,1.0,1.81274112,0.0,0.0
5.4579596519470215,1410.0,0.995,2.521269504,0.0,0.0
6.277503967285156,1410.0,1.0,2.30003712,0.0,0.0
7.113559246063232,1410.0,0.995,2.5018751232,0.0,0.0
7.93187952041626,1410.0,0.995,2.521269504,0.0,0.0
8.758381366729736,1410.0,1.0,2.51444736,0.0,0.0
9.576908111572266,1410.0,0.999,2.5314052608,0.0,0.0
10.409033060073853,1410.0,0.995,2.521269504,0.0,0.0
11.244820356369019,1410.0,1.0,1.73477376,0.0,0.0
12.084549188613892,1410.0,0.994,2.49936067584,0.0,0.0
12.923712968826294,1410.0,0.995,2.521269504,0.0,0.0
13.75327754020691,1410.0,0.997,0.13603355136,0.0,0.0
14.594061613082886,1410.0,1.0,0.13644288,0.0,0.0
15.4343740940094,1410.0,0.999,2.5314052608,0.0,0.0
16.275408506393433,1410.0,0.994,2.5187355648,0.0,0.0
17.10216999053955,1410.0,0.997,0.25263373824,0.0,0.0
17.946093797683716,1410.0,1.0,3.43056384,0.0,0.0
18.76495909690857,1410.0,0.994,2.49936067584,0.0,0.0
19.584425926208496,1410.0,0.999,2.51193291264,0.0,0.0
20.400729417800903,1410.0,0.996,0.8347965235199999,0.0,0.0
21.220845460891724,1410.0,0.998,2.5288713216,0.0,0.0
22.06408381462097,1410.0,0.993,2.18715987456,0.0,0.0
22.88391923904419,1410.0,0,0.0,0.0,0.0
