Time (s),SM Clock (MHz),SM Active,FP32 FLOPS (TFLOPS),FP64 FLOPS (TFLOPS),FP16 FLOPS (TFLOPS)
0.500593900680542,1320.0,0,0.0,0.0,0.0
1.3520238399505615,1320.0,0,0.0,0.0,0.0
2.1834187507629395,1320.0,0,0.0,0.0,0.0
3.0114858150482178,1320.0,0,0.0,0.0,0.0
3.864974021911621,1320.0,0,0.0,0.0,0.0
4.702969312667847,1320.0,1.0,0.0,8.6220288,0.0
5.539881944656372,1320.0,0,0.0,0.0,0.0
6.37012505531311,1320.0,0,0.0,0.0,0.0
7.194552183151245,1320.0,0,0.0,0.0,0.0
8.006247282028198,1320.0,0,0.0,0.0,0.0
8.814971923828125,1320.0,0,0.0,0.0,0.0
9.64292597770691,1320.0,0,0.0,0.0,0.0
10.558943271636963,1320.0,0,0.0,0.0,0.0
11.392645120620728,1320.0,0,0.0,0.0,0.0
12.22933840751648,1320.0,0,0.0,0.0,0.0
13.056383609771729,1320.0,0,0.0,0.0,0.0
13.865849733352661,1320.0,1.0,0.0,8.6220288,0.0
14.683229207992554,1320.0,0,0.0,0.0,0.0
15.48944640159607,1320.0,0,0.0,0.0,0.0
16.30360507965088,1320.0,0,0.0,0.0,0.0
17.110312700271606,1320.0,0,0.0,0.0,0.0
17.927361965179443,1320.0,1.0,0.0,8.6220288,0.0
18.768279790878296,1320.0,0,0.0,0.0,0.0
19.658731698989868,1320.0,0,0.0,0.0,0.0
20.48828434944153,1320.0,0,0.0,0.0,0.0
21.328323364257812,1320.0,0,0.0,0.0,0.0
22.181443691253662,1320.0,0,0.0,0.0,0.0
23.009881496429443,1320.0,1.0,0.0,8.6220288,0.0
23.886326789855957,1320.0,0,0.0,0.0,0.0
24.716333389282227,1320.0,0,0.0,0.0,0.0
25.52924132347107,1320.0,0,0.0,0.0,0.0
26.341525077819824,1320.0,0,0.0,0.0,0.0
27.157835721969604,1320.0,1.0,0.0,8.6220288,0.0
28.024914741516113,1320.0,0,0.0,0.0,0.0
28.85704469680786,1320.0,0,0.0,0.0,0.0
29.681373119354248,1320.0,0,0.0,0.0,0.0
30.48967957496643,1320.0,0,0.0,0.0,0.0
31.302793502807617,1320.0,1.0,0.0,8.6220288,0.0
32.13522720336914,1320.0,0,0.0,0.0,0.0
32.97751069068909,1320.0,0,0.0,0.0,0.0
33.8272488117218,1320.0,0,0.0,0.0,0.0
34.659839153289795,1320.0,0,0.0,0.0,0.0
35.49530029296875,1320.0,0,0.0,0.0,0.0
36.34029197692871,1320.0,0,0.0,0.0,0.0
37.18624186515808,1320.0,0,0.0,0.0,0.0
38.00901794433594,1320.0,0,0.0,0.0,0.0
38.81651043891907,1320.0,0,0.0,0.0,0.0
39.61992859840393,1320.0,0,0.0,0.0,0.0
40.42387104034424,1320.0,1.0,0.0,8.6220288,0.0
41.26288294792175,1320.0,0,0.0,0.0,0.0
42.153183698654175,1320.0,0,0.0,0.0,0.0
42.98516488075256,1320.0,0,0.0,0.0,0.0
43.79308795928955,1320.0,0,0.0,0.0,0.0
44.605539083480835,1320.0,1.0,0.0,8.6220288,0.0
45.448206424713135,1320.0,0,0.0,0.0,0.0
