Time (s),SM Clock (MHz),SM Active,FP32 FLOPS (TFLOPS),FP64 FLOPS (TFLOPS),FP16 FLOPS (TFLOPS)
0.5006494522094727,1290.0,0,0.0,0.0,0.0
1.345811128616333,1290.0,0,0.0,0.0,0.0
2.1710212230682373,1290.0,0,0.0,0.0,0.0
2.9912075996398926,1290.0,0,0.0,0.0,0.0
3.8336005210876465,1290.0,0,0.0,0.0,0.0
4.6637187004089355,1290.0,0,0.0,0.0,0.0
5.505765676498413,1290.0,0,0.0,0.0,0.0
6.325264930725098,1290.0,0,0.0,0.0,0.0
7.137245178222656,1290.0,0,0.0,0.0,0.0
7.986119985580444,1290.0,0,0.0,0.0,0.0
8.803506851196289,1290.0,0,0.0,0.0,0.0
9.641130447387695,1290.0,0,0.0,0.0,0.0
10.462721586227417,1290.0,0,0.0,0.0,0.0
11.278809547424316,1290.0,0,0.0,0.0,0.0
12.122227668762207,1290.0,0,0.0,0.0,0.0
12.946576118469238,1290.0,0,0.0,0.0,0.0
13.7804274559021,1290.0,0,0.0,0.0,0.0
14.62087869644165,1290.0,0,0.0,0.0,0.0
15.481035470962524,1290.0,0,0.0,0.0,0.0
16.311211109161377,1290.0,0,0.0,0.0,0.0
17.157434940338135,1290.0,0,0.0,0.0,0.0
17.998056411743164,1290.0,0,0.0,0.0,0.0
18.845641374588013,1290.0,0,0.0,0.0,0.0
19.68085479736328,1290.0,0,0.0,0.0,0.0
20.506728887557983,1290.0,0,0.0,0.0,0.0
21.335143327713013,1290.0,0,0.0,0.0,0.0
22.17669177055359,1290.0,0,0.0,0.0,0.0
23.043039798736572,1290.0,0,0.0,0.0,0.0
23.871647119522095,1290.0,0,0.0,0.0,0.0
24.683852195739746,1290.0,0,0.0,0.0,0.0
25.5152907371521,1290.0,0,0.0,0.0,0.0
26.356982231140137,1290.0,0,0.0,0.0,0.0
27.18216633796692,1290.0,0,0.0,0.0,0.0
27.99950861930847,1290.0,0,0.0,0.0,0.0
28.830634355545044,1290.0,0,0.0,0.0,0.0
29.6788113117218,1290.0,0,0.0,0.0,0.0
30.5126850605011,1290.0,0,0.0,0.0,0.0
31.338070392608643,1290.0,0,0.0,0.0,0.0
32.18039536476135,1290.0,0,0.0,0.0,0.0
33.008105993270874,1290.0,0,0.0,0.0,0.0
33.85967135429382,1290.0,0,0.0,0.0,0.0
34.696540117263794,1290.0,0.997,0.0,0.49782491136,0.0
35.54625177383423,1290.0,0,0.0,0.0,0.0
36.39173483848572,1290.0,0,0.0,0.0,0.0
37.22805833816528,1290.0,0,0.0,0.0,0.0
38.04597806930542,1290.0,0,0.0,0.0,0.0
38.88913631439209,1290.0,0,0.0,0.0,0.0
39.717697858810425,1290.0,0,0.0,0.0,0.0
40.55885696411133,1290.0,0,0.0,0.0,0.0
41.39057779312134,1245.0,0,0.0,0.0,0.0
