Time (s),SM Clock (MHz),SM Active,FP32 FLOPS (TFLOPS),FP64 FLOPS (TFLOPS),FP16 FLOPS (TFLOPS)
0.5005872249603271,1410.0,0,0.0,0.0,0.0
1.3452682495117188,1410.0,0,0.0,0.0,0.0
2.173413038253784,1410.0,0,0.0,0.0,0.0
2.994652271270752,1410.0,0,0.0,0.0,0.0
3.8064301013946533,1410.0,0,0.0,0.0,0.0
4.615947246551514,1410.0,0,0.0,0.0,0.0
5.444612979888916,1410.0,0,0.0,0.0,0.0
6.292220115661621,1410.0,0,0.0,0.0,0.0
7.097514867782593,1410.0,0,0.0,0.0,0.0
7.920432806015015,1410.0,0,0.0,0.0,0.0
8.747247457504272,1410.0,0,0.0,0.0,0.0
9.55566120147705,1410.0,0,0.0,0.0,0.0
10.364586353302002,1410.0,0,0.0,0.0,0.0
11.188117027282715,1410.0,0,0.0,0.0,0.0
12.023571491241455,1410.0,0,0.0,0.0,0.0
12.862494230270386,1410.0,0,0.0,0.0,0.0
13.679326057434082,1410.0,0,0.0,0.0,0.0
14.509315729141235,1410.0,0,0.0,0.0,0.0
15.340123891830444,1410.0,0,0.0,0.0,0.0
16.18192219734192,1410.0,0,0.0,0.0,0.0
16.98345422744751,1410.0,0,0.0,0.0,0.0
17.804687976837158,1410.0,0,0.0,0.0,0.0
18.627827644348145,1410.0,0,0.0,0.0,0.0
19.46790623664856,1410.0,0,0.0,0.0,0.0
20.278144121170044,1410.0,0,0.0,0.0,0.0
21.117178440093994,1410.0,0,0.0,0.0,0.0
21.950887441635132,1410.0,0,0.0,0.0,0.0
22.789914846420288,1410.0,0,0.0,0.0,0.0
23.62135601043701,1410.0,0,0.0,0.0,0.0
24.459665775299072,1410.0,0,0.0,0.0,0.0
25.28715491294861,1410.0,0,0.0,0.0,0.0
26.091678380966187,1410.0,0,0.0,0.0,0.0
26.934272050857544,1410.0,0,0.0,0.0,0.0
27.74381685256958,1410.0,0,0.0,0.0,0.0
28.57415771484375,1410.0,0.996,0.0,0.65036473344,0.0
29.410614490509033,1410.0,0,0.0,0.0,0.0
30.231175899505615,1410.0,0,0.0,0.0,0.0
31.076622486114502,1410.0,0,0.0,0.0,0.0
31.87959098815918,1410.0,0,0.0,0.0,0.0
32.71831011772156,1410.0,0,0.0,0.0,0.0
33.52855658531189,1410.0,0,0.0,0.0,0.0
