Time (s),IPS
0.00015401840209960938,4574946248
1.2530333995819092,4551875914
2.463773250579834,3963829240
3.669809103012085,5226804562
4.875867605209351,5412818755
6.121793031692505,5241098899
7.3336546421051025,5335992025
8.58103060722351,5258978801
9.780046939849854,5266951624
11.001839399337769,5312902946
12.24008560180664,5223466909
13.45188021659851,5343618913
14.668311834335327,4291467273
