Time (s),IPS
8.416175842285156e-05,5737548289
1.2269983291625977,5525239229
2.3982810974121094,5834799361
3.5867912769317627,6491731558
4.778991460800171,6729300666
5.993310213088989,6564870271
7.2229163646698,6596153160
8.411072731018066,6619166640
9.594775438308716,6598571521
10.782870292663574,6664147830
12.005859613418579,6492159458
13.196985960006714,6400865002
14.373720645904541,409988230
