Time (s),IPS
8.0108642578125e-05,5616071838
1.2394640445709229,5535812740
2.4343578815460205,6164419085
3.644477605819702,6720874649
4.82217812538147,6787728001
6.02741265296936,6729227068
7.226321458816528,6671044159
8.410440444946289,6952428822
9.621707916259766,6770423837
10.81431794166565,6842622636
12.001962900161743,6811986039
13.190471410751343,4234862862
