Time (s),IPS
0.00010013580322265625,5751285008
1.223067283630371,5561533119
2.416931629180908,5953783461
3.6175177097320557,6628946875
4.795560359954834,6655827188
6.004527807235718,6678794259
7.207449674606323,6692125405
8.405522346496582,6692794183
9.615448236465454,6669392162
10.811419486999512,6596370967
11.991560220718384,6635325575
13.195892810821533,6621527436
14.380550384521484,6327404666
15.569416999816895,365393848
