Time (s),IPS
8.225440979003906e-05,5678442015
1.2294104099273682,5565171368
2.421126127243042,5502944596
3.6350390911102295,6486948782
4.8370678424835205,6501388408
6.0209081172943115,6586860009
7.234875202178955,6493012633
8.425013780593872,6523648475
9.601011276245117,6615229797
10.788936614990234,6559632407
12.002996444702148,6749301611
13.194740772247314,6562526722
14.372693538665771,6537836499
15.54894208908081,6672664882
16.7418212890625,5026834099
