Time (s),IPS
6.365776062011719e-05,7392602279
1.1870229244232178,7476185531
2.3269388675689697,8987381493
3.47436261177063,9066971113
4.6468894481658936,8573965592
5.796552658081055,8646099174
6.9736809730529785,8675791165
8.140655755996704,8565870809
9.30673098564148,8738845486
10.459607601165771,8624644031
11.628583908081055,8568809202
12.772691249847412,7489439001
