Time (s),IPS
5.745887756347656e-05,7761691275
1.1366896629333496,7587854131
2.2941436767578125,9061470837
3.4587080478668213,9091943863
4.686439514160156,8977902909
5.840701341629028,9038790060
7.010554552078247,9104196771
8.168558835983276,9014209976
9.324481964111328,9150178535
10.484572172164917,9078135226
11.632368087768555,9005437463
12.790319681167603,1843538210
