Time (s),IPS
4.601478576660156e-05,7794389397
1.137056827545166,7612804845
2.292868137359619,8889390397
3.4410152435302734,8941067767
4.609715938568115,8837998081
5.752733945846558,8847666132
6.92313289642334,8879479325
8.075047731399536,8842376579
9.231081247329712,8892371891
10.41102933883667,8897929030
11.558972597122192,8844818697
12.714913368225098,9076737188
13.885847330093384,854471018
