Time (s),IPS
5.054473876953125e-05,7628028301
1.161466121673584,7648792402
2.3043529987335205,9312219447
3.4403717517852783,9429050196
4.604170083999634,9349049104
5.760296821594238,9347204085
6.914609670639038,9568571827
8.086562395095825,9449185076
9.23858642578125,9381238613
10.396214485168457,9512970079
11.58049750328064,9386223028
12.744534492492676,3863191754
