Time (s),IPS,Memory Throughput (MB/s)
0.0003516674041748047,5935914495,1085.8255616000001
1.2774343490600586,1910987773,732.5484738
2.424954414367676,746357564,6699.828509400001
3.5804641246795654,809651175,10753.7017042
4.740626096725464,826554180,11200.438727400002
5.89662766456604,712454347,11245.076777999999
7.048280954360962,725082685,11227.942980799999
8.25471043586731,679447589,11222.479879
9.42846941947937,765998980,11165.489556000002
10.612452745437622,888854612,11254.671285
11.780997276306152,6609417080,11326.6667878
12.948325395584106,6904580390,5641.895175799999
14.126626014709473,7179392362,724.8623824
15.294707775115967,7544261890,495.9049394
16.4785053730011,7272481155,340.473926
17.662527322769165,7342118652,311.5121464
18.842479944229126,7453023559,392.88195440000004
20.012346982955933,7250121911,344.5843596
21.186522483825684,7282509981,239.00283940000003
22.36661672592163,7774259576,324.3362798
23.548274040222168,7497929501,366.6464828
24.708390474319458,7479255615,342.40331319999996
25.882526874542236,7754987535,238.866524
27.07846236228943,7371312951,409.56486220000005
28.248234033584595,7434551943,349.0827678
29.412314891815186,7725883146,207.2413512
30.596328735351562,7436266745,252.5295214
31.7904634475708,7580527783,333.1128944000001
32.95624017715454,7649089582,349.4078276
34.11615014076233,7502317663,237.29365400000003
35.31439733505249,7619133254,377.14276860000007
36.47233748435974,7437688915,367.6216622
37.64636516571045,7629912198,246.626016
38.804359912872314,7462643570,335.231026
39.97698998451233,7405788029,255.8954632
41.16458606719971,7609608591,350.34106380000003
42.34044075012207,7535101118,245.6403508
43.50436496734619,7396461054,376.58702120000004
44.69469881057739,7525355265,362.96596700000003
45.87453103065491,7689993044,249.4466962
47.040401458740234,7352843905,335.9545462
48.19238781929016,6965771068,252.48757820000003
49.35252022743225,1947273491,347.85592920000005
