Time (s),IPS,Memory Throughput (MB/s)
0.00011706352233886719,3442375628,315.62258
1.2049221992492676,3523098115,324.47259519999994
2.3937697410583496,3666445884,303.68973960000005
3.594285249710083,3599830284,306.7725648
4.785094261169434,3623470549,302.6935886
5.976999282836914,3221493670,304.0777142
7.178534984588623,5684619358,1265.2900286000001
8.370343208312988,8143306340,2671.5511524
9.550215482711792,5797822196,1324.041966
10.741052389144897,4399068236,1897.1957940000002
11.936960935592651,4597447566,8498.321468
13.129002571105957,4400574036,9752.5384918
14.321048259735107,4101285456,9717.148916799999
15.498284578323364,4408353882,8995.662962
16.693089246749878,4405031818,8259.350086
17.86655306816101,4232058036,8523.7600188
19.06893229484558,4354219311,9626.4048036
20.260985851287842,4416110005,8341.034468
21.461018085479736,4418701280,8641.2638936
22.648978233337402,4432730826,8712.011586200002
23.85297179222107,4440098865,9444.0672274
25.036381721496582,4597241264,9078.1232932
26.222276210784912,4433268364,9057.277522800001
27.405786991119385,4585242547,8562.4106776
28.598453760147095,4408793831,8752.413373599999
29.793055772781372,5864311951,8597.307420000001
30.993033409118652,2722111254,9679.316150400002
