Time (s),SM Clock (MHz),DRAM Active,FP16 Active,FP32 Active,FP64 Active,Power (W)
0.10030508041381836,810.0,0.0,0.0,0.0,0.0,47
0.8855569362640381,240.0,0.0,0.0,0.0,0.0,42
1.7167856693267822,855.0,0.0,0.0,0.0,0.0,47
2.5756452083587646,855.0,0.0,0.0,0.0,0.0,47
3.3946070671081543,210.0,0.0,0.0,0.0,0.0,42
4.213547468185425,210.0,0.0,0.0,0.0,0.0,42
5.06489372253418,690.0,0.0,0.0,0.0,0.0,45
5.9209089279174805,690.0,0.0,0.0,0.0,0.0,45
6.753328561782837,1230.0,0.001,0.0,0.0,0.0,61
7.600735664367676,1230.0,0.0,0.0,0.0,0.0,68
8.392633438110352,765.0,0.0,0.0,0.0,0.0,46
9.187653541564941,765.0,0.0,0.0,0.0,0.0,46
10.019700050354004,765.0,0.0,0.0,0.0,0.0,53
10.847185134887695,1110.0,0.338,0.0,0.047,0.0,187
11.675737619400024,1170.0,0.355,0.0,0.048,0.0,253
12.489727973937988,1200.0,0.314,0.0,0.084,0.0,179
13.315792560577393,1185.0,0.319,0.0,0.047,0.0,188
14.136957883834839,1065.0,0.357,0.0,0.046,0.0,158
14.962661981582642,1110.0,0.312,0.0,0.084,0.0,220
15.787512302398682,1125.0,0.339,0.0,0.047,0.0,204
16.61593770980835,1410.0,0.0,0.0,0.0,0.0,83
17.404961347579956,1260.0,0.351,0.0,0.05,0.0,224
18.23176097869873,1080.0,0.358,0.0,0.047,0.0,240
19.060688018798828,1125.0,0.332,0.0,0.046,0.0,237
19.887537479400635,1095.0,0.355,0.0,0.05,0.0,215
20.70415163040161,1080.0,0.382,0.0,0.027,0.0,225
21.519227266311646,1245.0,0.347,0.0,0.05,0.0,185
22.343191146850586,1365.0,0.333,0.0,0.047,0.0,214
23.156644344329834,1125.0,0.0,0.0,0.0,0.0,86
23.944066047668457,1215.0,0.334,0.0,0.046,0.0,195
24.760206937789917,1125.0,0.36,0.0,0.049,0.0,218
25.586791515350342,1065.0,0.36,0.0,0.049,0.0,197
26.410520792007446,1080.0,0.376,0.0,0.026,0.0,199
27.23044729232788,1110.0,0.353,0.0,0.048,0.0,254
28.059616804122925,1095.0,0.362,0.0,0.049,0.0,178
28.877449989318848,1395.0,0.372,0.0,0.046,0.0,77
29.690900087356567,1410.0,0.0,0.0,0.0,0.0,86
30.475411415100098,1410.0,0.001,0.0,0.0,0.0,85
31.260173320770264,1410.0,0.011,0.0,0.0,0.0,82
