Time (s),IPS,Memory Throughput (MB/s)
0.0005123615264892578,4182560750,376.6394502
1.260434865951538,1407750807,407.86616260000005
2.4460997581481934,838835990,4017.7600996
3.6382172107696533,538857402,7776.982314400001
4.845893144607544,5655910797,8229.8954738
6.199849367141724,3962806909,13355.228684200003
7.384647846221924,5186476375,2494.7500786
8.62333345413208,4145315242,2756.2344732
9.875821113586426,5022312438,6407.966752200001
11.129250764846802,8502979747,3334.8723746
12.373785257339478,8684673947,3283.1144658000003
13.655475854873657,8634427500,6050.663117200001
14.941542625427246,6983083681,6396.652574
16.156224012374878,5498645795,6586.917415000001
17.404505968093872,8625401612,6560.5246564
18.688197135925293,8821357091,2857.7789604000004
19.987748622894287,8753532274,4797.1276704
21.274766445159912,7514063171,6798.99272
22.518314361572266,5667876505,7439.329068600001
23.794793128967285,8530603760,8686.3738052
25.06571316719055,8554247607,9122.425798200002
26.341524362564087,8756061494,7799.254153600001
27.629611492156982,7405485032,2470.5173948
28.871742963790894,4681669660,8285.742844600001
30.040891408920288,3736765797,6543.3803734
