Time (s),SM Clock (MHz),DRAM Active,FP16 Active,FP32 Active,FP64 Active,Power (W)
0.10029292106628418,690.0,0.0,0.0,0.0,0.0,45
0.8889319896697998,225.0,0.0,0.0,0.0,0.0,42
1.7367684841156006,795.0,0.0,0.0,0.0,0.0,46
2.5616097450256348,795.0,0.0,0.0,0.0,0.0,46
3.3849966526031494,210.0,0.0,0.0,0.0,0.0,41
4.2114527225494385,210.0,0.0,0.0,0.0,0.0,41
5.062615871429443,210.0,0.0,0.0,0.0,0.0,41
5.918978214263916,210.0,0.0,0.0,0.0,0.0,41
6.764934301376343,1290.0,0.001,0.0,0.0,0.0,65
7.636417627334595,1290.0,0.0,0.0,0.0,0.0,68
8.431122779846191,765.0,0.0,0.0,0.0,0.0,45
9.213274002075195,765.0,0.0,0.0,0.0,0.0,45
10.04344892501831,765.0,0.0,0.0,0.0,0.0,81
10.869213342666626,1215.0,0.377,0.0,0.043,0.0,244
11.689120769500732,1260.0,0.365,0.0,0.044,0.0,271
12.514928102493286,1155.0,0.382,0.0,0.042,0.0,265
13.333799123764038,1275.0,0.395,0.0,0.05,0.0,272
14.159167766571045,1230.0,0.351,0.0,0.081,0.0,265
14.981932878494263,1215.0,0.389,0.0,0.044,0.0,168
15.84442925453186,1410.0,0.199,0.0,0.054,0.0,83
16.66083073616028,1305.0,0.295,0.0,0.046,0.0,144
17.443300247192383,1245.0,0.368,0.0,0.08,0.0,247
18.255727291107178,1350.0,0.349,0.0,0.072,0.0,243
19.07418203353882,1215.0,0.375,0.0,0.046,0.0,245
19.889833450317383,1215.0,0.347,0.0,0.044,0.0,252
20.70202088356018,1305.0,0.402,0.0,0.034,0.0,291
21.50923180580139,1230.0,0.358,0.0,0.045,0.0,118
22.32304573059082,1410.0,0.0,0.0,0.0,0.0,87
23.141461610794067,1245.0,0.346,0.0,0.044,0.0,232
23.944825172424316,1305.0,0.399,0.0,0.031,0.0,222
24.756466388702393,1230.0,0.377,0.0,0.043,0.0,252
25.573132276535034,1155.0,0.369,0.0,0.044,0.0,248
26.396993160247803,1275.0,0.399,0.0,0.046,0.0,256
27.210874319076538,1200.0,0.337,0.0,0.08,0.0,179
28.03189182281494,1305.0,0.385,0.0,0.047,0.0,192
28.842583894729614,1410.0,0.0,0.0,0.0,0.0,87
29.6239595413208,1410.0,0.001,0.0,0.0,0.0,86
30.40318274497986,1410.0,0.005,0.0,0.0,0.0,48
