Time (s),SM Clock (MHz),DRAM Active,FP16 Active,FP32 Active,FP64 Active,Power (W)
0.10028553009033203,750.0,0.0,0.0,0.0,0.0,47
0.8928506374359131,210.0,0.0,0.0,0.0,0.0,42
1.7443864345550537,690.0,0.0,0.0,0.0,0.0,45
2.608651638031006,690.0,0.0,0.0,0.0,0.0,45
3.4516170024871826,210.0,0.0,0.0,0.0,0.0,41
4.284161567687988,210.0,0.0,0.0,0.0,0.0,41
5.1368231773376465,750.0,0.0,0.0,0.0,0.0,45
5.9908246994018555,750.0,0.0,0.0,0.0,0.0,45
6.8209710121154785,1200.0,0.0,0.0,0.0,0.0,58
7.6767942905426025,1200.0,0.0,0.0,0.0,0.0,62
8.472883224487305,765.0,0.0,0.0,0.0,0.0,45
9.267252206802368,765.0,0.0,0.0,0.0,0.0,45
10.09516716003418,765.0,0.001,0.0,0.0,0.0,47
10.921289443969727,735.0,0.296,0.0,0.016,0.0,182
11.7700777053833,795.0,0.284,0.0,0.068,0.0,126
12.618847370147705,930.0,0.272,0.0,0.068,0.0,159
13.47558856010437,660.0,0.265,0.0,0.069,0.0,172
14.33524227142334,855.0,0.275,0.0,0.061,0.0,183
15.188842535018921,795.0,0.314,0.0,0.013,0.0,126
16.02292227745056,1080.0,0.293,0.0,0.062,0.0,125
16.861045598983765,675.0,0.287,0.0,0.068,0.0,165
17.705820083618164,1410.0,0.0,0.0,0.0,0.0,82
18.561272859573364,690.0,0.201,0.0,0.044,0.0,167
19.3402259349823,840.0,0.282,0.0,0.043,0.0,150
20.18468141555786,900.0,0.275,0.0,0.064,0.0,138
21.03452777862549,735.0,0.271,0.0,0.071,0.0,147
21.891923666000366,690.0,0.294,0.0,0.074,0.0,166
22.75380539894104,780.0,0.263,0.0,0.062,0.0,171
23.608458995819092,795.0,0.28,0.0,0.023,0.0,143
24.444191932678223,735.0,0.276,0.0,0.062,0.0,136
25.27933979034424,810.0,0.277,0.0,0.071,0.0,161
26.133660554885864,720.0,0.161,0.0,0.062,0.0,83
26.923182249069214,795.0,0.294,0.0,0.069,0.0,163
27.769949436187744,840.0,0.275,0.0,0.069,0.0,139
28.627323627471924,645.0,0.267,0.0,0.07,0.0,156
29.478415966033936,765.0,0.273,0.0,0.06,0.0,157
30.32865810394287,750.0,0.3,0.0,0.012,0.0,129
31.178519010543823,900.0,0.281,0.0,0.061,0.0,88
32.01606750488281,780.0,0.275,0.0,0.07,0.0,157
32.870479106903076,690.0,0.287,0.0,0.071,0.0,140
33.72294878959656,1410.0,0.0,0.0,0.0,0.0,84
34.515143394470215,1410.0,0.001,0.0,0.0,0.0,83
35.297985553741455,795.0,0.0,0.0,0.0,0.0,48
