Time (s),IPS,Memory Throughput (MB/s)
0.0006587505340576172,4668027312,402.1514016
1.2717843055725098,1329542166,342.7598304
2.4279446601867676,643331004,6371.4237392
3.646883964538574,558151822,8316.3299232
4.860500335693359,8159682873,9837.809017399999
6.0764079093933105,3284608436,10074.4735234
7.284129619598389,5783750178,2928.1806215999995
8.51755666732788,4056250776,5150.1111558
9.716227531433105,7516862535,4962.604080200001
10.957200050354004,8946706260,2310.4097146
12.188090324401855,9145446419,5950.062352
13.463462591171265,9092201797,6256.6986014
14.739973306655884,6278238637,6535.348250600001
15.95993947982788,9289789743,6585.596204200001
17.26652240753174,9307189030,4621.815580200001
18.530909776687622,9234717387,3557.4963944000006
19.76884627342224,9178931238,10010.856174800003
21.050611972808838,5985176565,8537.527874200001
22.29166531562805,9432354311,7605.990373800001
23.55108118057251,9216128976,7324.226442
24.843356609344482,9302700378,7562.631590800001
26.06028127670288,9291929951,2334.3592818
27.30395221710205,5562374176,8616.412547599999
28.47123384475708,4127339009,6781.3975476
29.678389072418213,1152696939,6056.4722504
