Time (s),IPS,Memory Throughput (MB/s)
0.0005168914794921875,4881072837,469.83724060000003
1.2056496143341064,1397679526,426.3631138
2.362480401992798,704679549,9382.557524599999
3.591585636138916,2803295539,9124.8165606
5.1156933307647705,4979429329,13603.8889454
6.293191432952881,6613510626,3024.996013
7.472954511642456,4543488351,5073.648702199999
8.660768032073975,8679911566,5710.933683000001
9.865030527114868,9375283831,2981.7316022000005
11.057931900024414,9764249537,5301.568051
12.258983373641968,9868694575,5348.638807200001
13.515135049819946,9551129125,5327.2687468
14.713248252868652,6423046479,5597.173238800001
15.930084943771362,10168019503,5457.334610000001
17.16284155845642,9829493308,2534.6695191999997
18.39014506340027,9795866011,5721.4404546000005
19.607682943344116,9798385704,6671.443448799999
20.819003582000732,9710521239,6795.081516600001
22.029094696044922,6895706460,6028.0347608
23.271153926849365,10180096327,5835.714703000001
24.540295839309692,9915329563,6001.967062
25.76328158378601,10050025283,4476.7340514
26.987080574035645,10006432383,1598.8747840000003
28.207179307937622,9107011281,8901.3851342
29.417139530181885,6920479557,6231.0503346
30.556241750717163,3589132806,5405.587187
31.72594904899597,1781091858,7224.7896006
