Time (s),IPS,Memory Throughput (MB/s)
0.0005412101745605469,4900359579,463.29410140000005
1.2046198844909668,1363818250,284.53218300000003
2.3471312522888184,676781620,8666.807302399999
3.5162644386291504,4997429159,9481.0716156
4.886975526809692,4960693332,12726.311371800002
6.068870544433594,6777652077,3645.7029440000006
7.26909065246582,5097221641,6705.8159012
8.466251373291016,11033323460,4355.591604
9.685003757476807,11104453943,5027.6999266
10.968017101287842,11219735442,6097.985532600001
12.19584059715271,10398822154,6301.336652000001
13.420807838439941,7142133435,6447.603076200001
14.636237382888794,10689980310,6227.3173898
15.863674879074097,10649059231,1537.0190498
17.097084522247314,10961089874,8370.583452400002
18.32364583015442,10245445861,6527.200784000001
19.52375602722168,7319799349,6173.0114316
20.716059684753418,10951294802,6358.746407
21.977118492126465,11176099476,6512.8666954
23.211840867996216,9850311905,1951.2291214
24.45186734199524,9440378172,7989.0576194000005
25.647701740264893,5873920252,7624.780927400001
26.817411422729492,2646768238,7911.3158982
27.97834801673889,1237894241,7889.3166898
