Time (s),SM Clock (MHz),DRAM Active,FP16 Active,FP32 Active,FP64 Active,Power (W)
0.10023331642150879,285.0,0.0,0.0,0.0,0.0,44
0.8780229091644287,750.0,0.0,0.0,0.0,0.0,46
1.7276360988616943,750.0,0.0,0.0,0.0,0.0,46
2.560676336288452,210.0,0.0,0.0,0.0,0.0,42
3.39023756980896,210.0,0.0,0.0,0.0,0.0,42
4.309476375579834,210.0,0.0,0.0,0.0,0.0,42
5.154891490936279,1080.0,0.0,0.0,0.0,0.0,52
6.054423809051514,1080.0,0.002,0.0,0.0,0.0,52
6.849613666534424,765.0,0.0,0.0,0.0,0.0,46
7.644816160202026,765.0,0.001,0.0,0.001,0.0,46
8.468269109725952,1125.0,0.372,0.0,0.049,0.0,114
9.289480686187744,1095.0,0.366,0.0,0.049,0.0,203
10.100863456726074,1170.0,0.363,0.0,0.046,0.0,232
10.915945053100586,1275.0,0.368,0.0,0.073,0.0,276
11.732767105102539,1185.0,0.37,0.0,0.049,0.0,213
12.541273832321167,1275.0,0.396,0.0,0.031,0.0,215
13.35106897354126,1395.0,0.347,0.0,0.048,0.0,75
14.174326419830322,1260.0,0.25,0.0,0.005,0.0,255
14.956253290176392,1125.0,0.362,0.0,0.047,0.0,206
15.784895181655884,1125.0,0.34,0.0,0.086,0.0,114
16.604116201400757,1170.0,0.374,0.0,0.048,0.0,221
17.426433086395264,1245.0,0.37,0.0,0.044,0.0,234
18.24193048477173,1110.0,0.359,0.0,0.047,0.0,209
19.061583518981934,1185.0,0.355,0.0,0.084,0.0,230
19.880317211151123,1410.0,0.0,0.0,0.0,0.0,86
20.672274827957153,1125.0,0.377,0.0,0.061,0.0,231
21.49960994720459,1245.0,0.372,0.0,0.047,0.0,246
22.311570405960083,1110.0,0.379,0.0,0.031,0.0,177
23.127456665039062,1170.0,0.36,0.0,0.046,0.0,245
23.94948983192444,1260.0,0.385,0.0,0.057,0.0,248
24.774730443954468,1185.0,0.37,0.0,0.049,0.0,222
25.588679313659668,1410.0,0.366,0.0,0.046,0.0,84
26.40152382850647,1410.0,0.0,0.0,0.0,0.0,86
27.18595266342163,1410.0,0.007,0.0,0.0,0.0,89
