CPU Power Cap,GPU Power Cap,IPS,Memory Throughput,Performance
120,250,0.6119250679005593,0.921196326095106,0.8931406024243675
130,250,0.6546343728893691,0.9021707471811287,0.9177657787917465
140,250,0.7387856279967911,0.8850570983649103,0.9436248937663126
150,250,0.7863488642050795,0.9258451206851803,0.9640047235567308
160,250,0.9248881429266664,0.9411848992127344,0.9710220450411196
170,250,0.9456836825628009,0.9623723938056923,0.9853055276802061
180,250,0.941033506414226,1.0,0.9926205332814033
190,250,1.0,0.984503417250627,1.0
200,250,0.9351013134280711,0.9855361622977766,0.9999837948167065
