Time (s),SM Clock (MHz),DRAM Active,FP16 Active,FP32 Active,FP64 Active,Power (W)
0.10058903694152832,750.0,0.0,0.0,0.0,0.0,46
0.8842730522155762,225.0,0.0,0.0,0.0,0.0,42
1.7270994186401367,900.0,0.0,0.0,0.0,0.0,47
2.614682912826538,900.0,0.0,0.0,0.0,0.0,47
3.449657678604126,210.0,0.0,0.0,0.0,0.0,41
4.26839804649353,210.0,0.0,0.0,0.0,0.0,41
5.1276514530181885,210.0,0.0,0.0,0.0,0.0,41
5.9833807945251465,210.0,0.0,0.0,0.0,0.0,41
6.852330923080444,210.0,0.0,0.0,0.0,0.0,41
7.898518085479736,210.0,0.0,0.0,0.0,0.0,41
8.855922937393188,1230.0,0.001,0.0,0.0,0.0,61
9.680165529251099,1230.0,0.0,0.0,0.0,0.0,61
10.480982065200806,765.0,0.003,0.0,0.0,0.0,45
11.279775857925415,765.0,0.001,0.0,0.0,0.0,45
12.11883807182312,765.0,0.0,0.0,0.0,0.0,45
12.955486536026001,765.0,0.001,0.0,0.001,0.0,45
13.786563634872437,1215.0,0.266,0.0,0.066,0.0,233
14.615384340286255,1260.0,0.351,0.0,0.043,0.0,294
15.425948858261108,1305.0,0.395,0.0,0.039,0.0,254
16.23665976524353,1245.0,0.362,0.0,0.044,0.0,132
17.058847665786743,1230.0,0.386,0.0,0.069,0.0,231
17.87810778617859,1245.0,0.341,0.0,0.054,0.0,214
18.694983959197998,1335.0,0.344,0.0,0.044,0.0,265
19.51000452041626,1410.0,0.0,0.0,0.0,0.0,84
20.300928115844727,1245.0,0.212,0.0,0.0,0.0,117
21.088747262954712,1320.0,0.344,0.0,0.08,0.0,228
21.9102566242218,1245.0,0.37,0.0,0.046,0.0,245
22.7262544631958,1335.0,0.344,0.0,0.044,0.0,276
23.543458938598633,1245.0,0.391,0.0,0.043,0.0,249
24.359991788864136,1245.0,0.362,0.0,0.044,0.0,261
25.181580305099487,1275.0,0.373,0.0,0.078,0.0,300
25.99979257583618,1410.0,0.0,0.0,0.0,0.0,85
26.79090142250061,1215.0,0.355,0.0,0.042,0.0,242
27.58701992034912,1185.0,0.379,0.0,0.043,0.0,292
28.415125370025635,1230.0,0.363,0.0,0.044,0.0,267
29.2454092502594,1320.0,0.394,0.0,0.063,0.0,116
30.067357778549194,1185.0,0.338,0.0,0.076,0.0,213
30.8950355052948,1245.0,0.378,0.0,0.046,0.0,288
31.725950241088867,1320.0,0.37,0.0,0.044,0.0,152
32.54528212547302,1410.0,0.0,0.0,0.0,0.0,86
33.350927114486694,1410.0,0.0,0.0,0.0,0.0,85
34.142420291900635,855.0,0.0,0.0,0.0,0.0,48
34.94037055969238,765.0,0.0,0.0,0.0,0.0,48
