Time (s),SM Clock (MHz),DRAM Active,FP16 Active,FP32 Active,FP64 Active,Power (W)
0.10040807723999023,795.0,0.0,0.0,0.0,0.0,47
0.8857598304748535,240.0,0.0,0.0,0.0,0.0,44
1.7273094654083252,855.0,0.0,0.0,0.0,0.0,47
2.5783164501190186,855.0,0.0,0.0,0.0,0.0,47
3.395521402359009,210.0,0.0,0.0,0.0,0.0,41
4.208569526672363,210.0,0.0,0.0,0.0,0.0,41
5.064311504364014,210.0,0.0,0.0,0.0,0.0,41
5.917117357254028,210.0,0.0,0.0,0.0,0.0,41
6.8311262130737305,210.0,0.0,0.0,0.0,0.0,41
7.684550046920776,1140.0,0.0,0.0,0.0,0.0,55
8.613684892654419,1140.0,0.0,0.0,0.0,0.0,55
9.413166761398315,765.0,0.0,0.0,0.0,0.0,45
10.207894802093506,765.0,0.0,0.0,0.0,0.0,45
11.036031723022461,765.0,0.0,0.0,0.0,0.0,51
11.86358118057251,840.0,0.137,0.0,0.0,0.0,168
12.687501192092896,645.0,0.271,0.0,0.067,0.0,148
13.541311502456665,705.0,0.254,0.0,0.065,0.0,151
14.391096115112305,780.0,0.262,0.0,0.058,0.0,158
15.229646682739258,870.0,0.273,0.0,0.06,0.0,165
16.06731367111206,915.0,0.307,0.0,0.07,0.0,95
16.92118811607361,720.0,0.291,0.0,0.073,0.0,149
17.76615023612976,795.0,0.257,0.0,0.061,0.0,157
18.619510173797607,630.0,0.262,0.0,0.059,0.0,165
19.46379041671753,1410.0,0.0,0.0,0.0,0.0,82
20.25538158416748,690.0,0.266,0.0,0.062,0.0,149
21.10740828514099,735.0,0.313,0.0,0.012,0.0,99
21.948861598968506,780.0,0.281,0.0,0.063,0.0,149
22.787333250045776,840.0,0.282,0.0,0.071,0.0,151
23.64742946624756,630.0,0.288,0.0,0.074,0.0,128
24.50662660598755,720.0,0.264,0.0,0.061,0.0,95
25.356534242630005,765.0,0.267,0.0,0.025,0.0,153
26.203126668930054,915.0,0.278,0.0,0.061,0.0,156
27.04195261001587,1410.0,0.149,0.0,0.071,0.0,71
27.892087697982788,765.0,0.0,0.0,0.0,0.0,82
28.682111978530884,795.0,0.27,0.0,0.068,0.0,148
29.532896280288696,705.0,0.267,0.0,0.068,0.0,149
30.38508367538452,780.0,0.284,0.0,0.061,0.0,131
31.235569953918457,840.0,0.308,0.0,0.012,0.0,165
32.076818227767944,915.0,0.279,0.0,0.062,0.0,139
32.924296855926514,750.0,0.308,0.0,0.071,0.0,151
33.79050588607788,735.0,0.277,0.0,0.074,0.0,131
34.65359020233154,840.0,0.29,0.0,0.07,0.0,165
35.52714776992798,1410.0,0.0,0.0,0.0,0.0,83
36.32886290550232,1410.0,0.0,0.0,0.0,0.0,84
37.11564588546753,765.0,0.0,0.0,0.0,0.0,47
37.9024019241333,1410.0,0.0,0.0,0.0,0.0,82
