Time (s),SM Clock (MHz),DRAM Active,FP16 Active,FP32 Active,FP64 Active,Power (W)
0.10032463073730469,690.0,0.0,0.0,0.0,0.0,60
0.8853962421417236,690.0,0.0,0.0,0.0,0.0,45
1.7766966819763184,750.0,0.0,0.0,0.0,0.0,46
2.6086792945861816,750.0,0.0,0.0,0.0,0.0,46
3.4393420219421387,210.0,0.0,0.0,0.0,0.0,41
4.2846410274505615,210.0,0.0,0.0,0.0,0.0,41
5.143734455108643,690.0,0.0,0.0,0.0,0.0,44
6.002825498580933,690.0,0.0,0.0,0.0,0.0,44
6.851143836975098,1050.0,0.0,0.0,0.0,0.0,50
7.653357267379761,1050.0,0.0,0.0,0.0,0.0,50
8.45557188987732,765.0,0.0,0.0,0.0,0.0,46
9.259554862976074,765.0,0.0,0.0,0.0,0.0,45
10.08779764175415,765.0,0.001,0.0,0.0,0.0,45
10.915875911712646,1140.0,0.365,0.0,0.044,0.0,221
11.750016689300537,1185.0,0.369,0.0,0.045,0.0,132
12.586860656738281,1110.0,0.329,0.0,0.084,0.0,213
13.406908750534058,1170.0,0.353,0.0,0.045,0.0,261
14.223880767822266,1140.0,0.39,0.0,0.016,0.0,271
15.040281057357788,1170.0,0.367,0.0,0.046,0.0,256
15.866240978240967,1380.0,0.344,0.0,0.08,0.0,78
16.686792373657227,1290.0,0.0,0.0,0.0,0.0,67
17.473753690719604,1125.0,0.365,0.0,0.045,0.0,250
18.293961763381958,1185.0,0.388,0.0,0.057,0.0,276
19.116695880889893,1275.0,0.357,0.0,0.051,0.0,220
19.940510749816895,1155.0,0.346,0.0,0.045,0.0,223
20.761576890945435,1140.0,0.387,0.0,0.045,0.0,256
21.580549716949463,1140.0,0.385,0.0,0.048,0.0,153
22.39521622657776,1410.0,0.203,0.0,0.075,0.0,82
23.211869716644287,1155.0,0.024,0.0,0.0,0.0,252
24.001429080963135,1140.0,0.395,0.0,0.044,0.0,258
24.82049584388733,1170.0,0.354,0.0,0.045,0.0,265
25.64464831352234,1140.0,0.347,0.0,0.083,0.0,251
26.467653274536133,1275.0,0.364,0.0,0.047,0.0,164
27.29780602455139,1155.0,0.335,0.0,0.045,0.0,229
28.121641397476196,1155.0,0.374,0.0,0.044,0.0,209
28.937394857406616,1410.0,0.0,0.0,0.0,0.0,86
29.760470390319824,1410.0,0.0,0.0,0.0,0.0,85
30.545546770095825,765.0,0.0,0.0,0.0,0.0,47
31.332099437713623,1410.0,0.0,0.0,0.0,0.0,83
