Time (s),SM Clock (MHz),DRAM Active,FP16 Active,FP32 Active,FP64 Active,Power (W)
0.10034871101379395,330.0,0.0,0.0,0.0,0.0,45
0.8782870769500732,240.0,0.0,0.0,0.0,0.0,42
1.7264878749847412,750.0,0.0,0.0,0.0,0.0,46
2.641981363296509,750.0,0.0,0.0,0.0,0.0,46
3.4710853099823,210.0,0.0,0.0,0.0,0.0,42
4.298057556152344,210.0,0.0,0.0,0.0,0.0,42
5.1528520584106445,765.0,0.0,0.0,0.0,0.0,46
6.002599477767944,765.0,0.0,0.0,0.0,0.0,46
6.826345682144165,765.0,0.003,0.0,0.001,0.0,46
7.655027866363525,765.0,0.0,0.0,0.0,0.0,45
8.481150150299072,765.0,0.001,0.0,0.001,0.0,45
9.301498651504517,1095.0,0.37,0.0,0.047,0.0,195
10.148056030273438,1110.0,0.322,0.0,0.084,0.0,121
10.964559555053711,1140.0,0.337,0.0,0.045,0.0,200
11.779133558273315,1155.0,0.377,0.0,0.045,0.0,240
12.594594955444336,1185.0,0.383,0.0,0.049,0.0,212
13.414235591888428,1275.0,0.362,0.0,0.048,0.0,192
14.23435378074646,1095.0,0.351,0.0,0.046,0.0,243
15.0479154586792,1215.0,0.0,0.0,0.0,0.0,269
15.83657455444336,1260.0,0.362,0.0,0.049,0.0,232
16.645111799240112,1125.0,0.355,0.0,0.045,0.0,219
17.466426134109497,1125.0,0.363,0.0,0.046,0.0,251
18.28290343284607,1170.0,0.382,0.0,0.059,0.0,162
19.103568077087402,1185.0,0.37,0.0,0.063,0.0,226
19.919447898864746,1080.0,0.366,0.0,0.046,0.0,217
20.73638677597046,1410.0,0.155,0.0,0.045,0.0,85
21.55574107170105,1080.0,0.265,0.0,0.047,0.0,226
22.341566801071167,1140.0,0.388,0.0,0.016,0.0,229
23.157068252563477,1155.0,0.368,0.0,0.047,0.0,148
23.976100206375122,1155.0,0.336,0.0,0.068,0.0,232
24.795814514160156,1290.0,0.328,0.0,0.045,0.0,223
25.61376690864563,1125.0,0.37,0.0,0.045,0.0,221
26.432328701019287,1125.0,0.383,0.0,0.049,0.0,239
27.255699634552002,1410.0,0.0,0.0,0.0,0.0,86
28.042348623275757,1410.0,0.0,0.0,0.0,0.0,86
28.82630205154419,765.0,0.0,0.0,0.0,0.0,47
