Time (s),IPS,Memory Throughput (MB/s)
0.0005156993865966797,4793820719,459.19415360000005
1.1994385719299316,1377863016,775.320052
2.3675858974456787,675217253,9838.668853000001
3.536773443222046,5321901779,9436.2553064
4.860723972320557,4871994480,13747.0830302
6.038686990737915,6910706390,3820.5746306000005
7.21007513999939,4759158851,6596.9103824
8.388591051101685,10337635585,4331.7678664000005
9.578330993652344,10330975428,4290.7474168
10.750569343566895,10434170413,5537.582437400001
11.972593784332275,10481141808,5518.938685
13.144441843032837,9313527244,5581.255794400001
14.353840351104736,7603725425,5809.248543800001
15.560534477233887,10484161113,3900.2037958000005
16.79491138458252,10815211894,2823.0290192
18.01596450805664,10856640887,7641.275090800001
19.223798274993896,10794790807,5808.881540800001
20.402207136154175,8434156738,5602.898485600001
21.590263843536377,8468978368,5537.3832072000005
22.781116008758545,10691425867,5537.3202924
23.96668839454651,10537772657,3862.0669412000007
25.129268884658813,10258743869,3803.2206316000006
26.320009231567383,10643641701,7008.425603400001
27.574256420135498,7612357530,5673.960752200001
28.757795810699463,4580928890,5531.1965852
29.914100170135498,1541735693,4888.4694742
