Time (s),SM Clock (MHz),DRAM Active,FP16 Active,FP32 Active,FP64 Active,Power (W)
0.10024547576904297,795.0,0.0,0.0,0.0,0.0,47
0.8785638809204102,690.0,0.0,0.0,0.0,0.0,45
1.7084510326385498,690.0,0.0,0.0,0.0,0.0,45
2.5540623664855957,690.0,0.0,0.0,0.0,0.0,45
3.389035940170288,210.0,0.0,0.0,0.0,0.0,41
4.226177453994751,210.0,0.0,0.0,0.0,0.0,41
5.0713136196136475,1065.0,0.001,0.0,0.0,0.0,48
5.920256853103638,1065.0,0.0,0.0,0.0,0.0,51
6.719610929489136,1065.0,0.0,0.0,0.0,0.0,51
7.518487215042114,765.0,0.0,0.0,0.0,0.0,45
8.339906930923462,1185.0,0.257,0.0,0.067,0.0,224
9.171098709106445,1290.0,0.352,0.0,0.044,0.0,286
9.984524488449097,1140.0,0.374,0.0,0.044,0.0,239
10.793569326400757,1155.0,0.385,0.0,0.044,0.0,281
11.606527090072632,1215.0,0.376,0.0,0.045,0.0,229
12.423890590667725,1230.0,0.393,0.0,0.061,0.0,229
13.236401319503784,1155.0,0.339,0.0,0.082,0.0,197
14.051316738128662,1155.0,0.0,0.0,0.0,0.0,84
14.836817741394043,1200.0,0.378,0.0,0.045,0.0,250
15.650265455245972,1245.0,0.343,0.0,0.045,0.0,289
16.478278160095215,1185.0,0.387,0.0,0.025,0.0,223
17.291505336761475,1230.0,0.397,0.0,0.043,0.0,283
18.111133813858032,1185.0,0.366,0.0,0.046,0.0,147
18.92900013923645,1125.0,0.405,0.0,0.047,0.0,247
19.74720311164856,1410.0,0.0,0.0,0.0,0.0,87
20.56718635559082,1155.0,0.362,0.0,0.045,0.0,259
21.381844997406006,1230.0,0.39,0.0,0.046,0.0,260
22.204524517059326,1185.0,0.338,0.0,0.08,0.0,114
23.021188020706177,1290.0,0.38,0.0,0.047,0.0,192
23.83176898956299,1185.0,0.348,0.0,0.044,0.0,243
24.646239519119263,1200.0,0.396,0.0,0.035,0.0,264
25.456197023391724,1395.0,0.369,0.0,0.044,0.0,80
26.2718026638031,1410.0,0.0,0.0,0.0,0.0,86
27.057361364364624,1410.0,0.0,0.0,0.0,0.0,85
27.84122109413147,1410.0,0.0,0.0,0.0,0.0,84
