Time (s),SM Clock (MHz),DRAM Active,FP16 Active,FP32 Active,FP64 Active,Power (W)
0.1002194881439209,855.0,0.0,0.0,0.0,0.0,44
0.8835632801055908,1110.0,0.0,0.0,0.0,0.0,51
1.7608723640441895,1110.0,0.0,0.0,0.0,0.0,51
2.557156801223755,240.0,0.0,0.0,0.0,0.0,39
3.357806444168091,210.0,0.0,0.0,0.0,0.0,39
4.207532167434692,210.0,0.0,0.0,0.0,0.0,39
5.054202556610107,1305.0,0.0,0.0,0.0,0.0,62
5.949646234512329,1305.0,0.007,0.0,0.0,0.0,62
6.736927509307861,795.0,0.0,0.0,0.0,0.0,43
7.529252529144287,765.0,0.001,0.0,0.001,0.0,43
8.35446047782898,1080.0,0.323,0.0,0.046,0.0,194
9.173028469085693,1185.0,0.358,0.0,0.045,0.0,229
9.989115715026855,1260.0,0.387,0.0,0.053,0.0,225
10.810134410858154,1245.0,0.365,0.0,0.07,0.0,177
11.670507431030273,1125.0,0.371,0.0,0.048,0.0,223
12.486205339431763,1260.0,0.386,0.0,0.022,0.0,189
13.300142288208008,1395.0,0.37,0.0,0.048,0.0,72
14.120618343353271,1140.0,0.202,0.0,0.002,0.0,225
14.903626441955566,1080.0,0.336,0.0,0.086,0.0,205
15.722883939743042,1155.0,0.337,0.0,0.047,0.0,168
16.535792350769043,1170.0,0.383,0.0,0.044,0.0,214
17.35263967514038,1080.0,0.381,0.0,0.05,0.0,219
18.170761346817017,1095.0,0.366,0.0,0.05,0.0,138
18.995299577713013,1155.0,0.325,0.0,0.046,0.0,211
19.81645655632019,1410.0,0.0,0.0,0.0,0.0,79
20.62944984436035,1125.0,0.33,0.0,0.047,0.0,196
21.445106029510498,1110.0,0.362,0.0,0.045,0.0,246
22.268609046936035,1215.0,0.385,0.0,0.049,0.0,225
23.090176820755005,1170.0,0.373,0.0,0.049,0.0,196
23.902294635772705,1080.0,0.391,0.0,0.017,0.0,236
24.717203617095947,1065.0,0.37,0.0,0.048,0.0,213
25.540016889572144,1365.0,0.337,0.0,0.054,0.0,67
26.36140489578247,1410.0,0.0,0.0,0.0,0.0,80
27.146804332733154,1410.0,0.001,0.0,0.0,0.0,80
27.93390202522278,1410.0,0.009,0.0,0.0,0.0,72
