Time (s),IPS
7.82012939453125e-05,6849646161
1.2060627937316895,6785807676
2.3898887634277344,7010975222
3.5861659049987793,6906896229
4.775955677032471,6823492312
5.951638221740723,7025603440
7.151729106903076,6857102642
8.331780910491943,6988850158
9.52779769897461,6847712232
10.715808629989624,6967467160
11.923853874206543,6910324559
13.121922969818115,6834862565
14.294013500213623,6990289731
15.505766153335571,6912104412
16.685913562774658,6978417038
17.87362766265869,6881849251
19.06953477859497,6953777531
20.267727375030518,6928490275
21.479745626449585,6880301608
22.65177583694458,6931325631
23.8598690032959,6822664352
25.03161382675171,7007643618
26.22370934486389,6911352031
27.40365767478943,6986524547
28.599775075912476,6924274126
29.80867099761963,6961184041
31.043923139572144,6839080554
32.24362349510193,6836816864
33.42337512969971,6942127060
34.63975715637207,6850814150
35.82946848869324,7019454560
37.02554106712341,6891038959
38.2055184841156,6989744429
39.429487466812134,6875051240
40.62929654121399,6843908686
41.80555748939514,6937281664
43.02349925041199,6873618210
44.21975874900818,6982458943
45.43365144729614,6728407416
46.613747119903564,7035133471
47.80981469154358,6851630644
48.997684478759766,6880829438
50.185423135757446,6929797410
51.38539433479309,6880678043
52.569742918014526,7000048049
53.79768943786621,6819849730
54.977701902389526,6966975503
56.17190766334534,6950185928
57.361517667770386,6882548367
58.53766465187073,6973800780
59.733614444732666,6863813734
60.91778230667114,7036558403
62.09770750999451,6816106587
63.29151773452759,6954138179
64.50967192649841,6883441629
65.70169997215271,6925222628
66.88564085960388,6931589262
68.08166432380676,6832326319
69.26981711387634,6978171077
70.46751570701599,6844244663
71.65900492668152,6955719002
72.86956548690796,5546067274
