Time (s),IPS
0.00010085105895996094,5913893881
1.2178895473480225,3829623653
2.488267183303833,4523207290
3.6975667476654053,4320076690
4.898764133453369,4328237211
6.084856986999512,4344006858
7.266852617263794,4317062263
8.478055000305176,4601477028
9.71444058418274,4961320251
10.929268598556519,4766110166
12.186394691467285,1192001232
