Time (s),IPS
0.00010132789611816406,5766369907
1.2802865505218506,3305715715
2.503218173980713,4549911277
3.6888935565948486,4536897357
4.883276700973511,4643516955
6.084019184112549,4537124832
7.274867296218872,4532367179
8.481579780578613,5187011420
9.71122145652771,5238697362
10.933210611343384,2774338327
