Time (s),IPS
0.00011038780212402344,5796306358
1.2559866905212402,3850227640
2.522850751876831,4325362611
3.7314178943634033,4294796634
4.923460483551025,4394040316
6.129148721694946,4285827790
7.327704668045044,4265418573
8.518893957138062,5070777821
9.757728815078735,5050451615
10.984349012374878,1670647107
