Time (s),GPU 0 Power (W)
0.1002509593963623,85.16
0.24997448921203613,85.16
0.382824182510376,73.41
0.5149462223052979,72.62
0.6465489864349365,72.79
0.7781693935394287,74.49
0.9352476596832275,85.65
1.0700559616088867,76.14
1.2227420806884766,73.7
1.3939523696899414,74.37
1.5408942699432373,76.34
1.7124998569488525,85.46
1.859161376953125,217.92
2.0097992420196533,209.79
2.163869857788086,212.5
2.302905559539795,212.89
2.4414865970611572,213.67
2.628310203552246,214.97
2.7917208671569824,196.77
2.9311163425445557,212.81
3.0794010162353516,213.89
3.2089216709136963,213.58
3.3828344345092773,215.07
3.5279476642608643,215.46
3.6604363918304443,207.92
3.7998149394989014,197.66
3.9565935134887695,206.13
4.107391357421875,214.16
4.2420570850372314,214.26
4.3939454555511475,215.85
4.542155027389526,213.71
4.70035457611084,203.65
4.83977198600769,201.52
4.9961793422698975,209.28
5.148910760879517,214.48
5.298919677734375,216.43
5.443965673446655,215.06
5.580559253692627,212.02
5.712623834609985,203.86
5.86741828918457,204.16
6.004558801651001,205.26
6.165300369262695,210.92
6.321171045303345,213.28
6.4537739753723145,212.89
6.589666366577148,210.25
6.742390871047974,204.73
6.8794615268707275,204.67
7.0442681312561035,207.82
7.1927595138549805,212.79
7.3465187549591064,212.8
7.504591226577759,215.35
7.648406028747559,210.04
7.789506196975708,204.15
7.959242582321167,205.67
8.106343984603882,208.6
8.242193698883057,209.31
8.377500534057617,215.05
8.5136399269104,213.37
8.664114713668823,210.66
8.823546886444092,203.76
8.964879512786865,205.86
9.114793062210083,204.87
9.253903865814209,212.8
9.39177393913269,215.75
9.529971837997437,213.58
9.722964763641357,206.86
9.88962697982788,209.28
10.02457308769226,207.61
10.17445158958435,205.08
10.310997486114502,207.82
10.447126150131226,213.68
10.596366167068481,213.22
10.748547315597534,205.45
10.899259090423584,205.16
11.03509259223938,210.66
11.197928667068481,202.69
11.333121061325073,65.56
11.467679023742676,87.27
11.603284358978271,86.93
11.753226041793823,75.06
