Time (s),IPS
6.67572021484375e-05,5759521687
1.2026984691619873,4095203007
2.3707423210144043,4516248053
3.53765869140625,4516277163
4.7044031620025635,4530862804
5.871746063232422,4512797664
7.036680698394775,4547517501
8.200530529022217,5212661697
9.378623962402344,5299998154
10.56682562828064,1840690695
