Time (s),Memory Throughput (MB/s)
1.001101016998291,1806.6718826
2.246325731277466,6099.5793742000005
3.247859001159668,4217.9864506
4.249375104904175,4183.834200000001
5.2508697509765625,4213.3726986
6.2523512840271,4180.1012552
7.253840684890747,4201.743946400001
8.255331754684448,4191.1113452
9.256827116012573,4016.1557722000002
10.258309602737427,3929.8052092
11.25982666015625,4164.938788400001
12.26134729385376,349.6804584
