Time (s),IPS
8.606910705566406e-05,6465469305
1.256018877029419,5243713888
2.4162933826446533,5234676102
3.599055290222168,5263977601
4.763173818588257,5260216628
5.9265923500061035,5267180274
7.123257875442505,5274946002
8.30054259300232,6173795438
9.513853073120117,6300566558
10.723879337310791,1402768309
