Time (s),GPU 0 Power (W)
0.10018515586853027,73.31
0.26700377464294434,85.06
0.41104674339294434,85.23
0.5420613288879395,78.49
0.6668691635131836,71.83
0.7965271472930908,71.93
0.9202165603637695,72.91
1.0624263286590576,180.98
1.215637445449829,215.16
1.3801515102386475,211.64
1.5301740169525146,210.94
1.665522813796997,213.41
1.8005132675170898,213.63
1.9360384941101074,215.16
2.0887815952301025,207.13
2.2592008113861084,213.7
2.408022165298462,212.02
2.558964252471924,211.92
2.707883358001709,211.92
2.858154058456421,205.29
2.99783992767334,202.6
3.1537067890167236,203.46
3.289027690887451,209.3
3.425485849380493,212.51
3.563807964324951,212.4
3.734179735183716,213.78
3.8934457302093506,205.13
4.0308191776275635,205.19
4.171048402786255,206.56
4.313460826873779,212.31
4.451408624649048,214.1
4.623587131500244,211.66
4.802481174468994,207.32
4.957312822341919,209.95
5.091716051101685,201.9
5.223451614379883,204.45
5.38498330116272,215.26
5.528403043746948,211.66
5.6847004890441895,211.64
5.815500020980835,211.92
5.9668121337890625,210.18
6.104881525039673,204.34
6.24109148979187,206.26
6.4068262577056885,213.29
6.5936195850372314,210.34
6.742854595184326,213.48
6.879944562911987,213.28
7.015057802200317,203.46
7.188749074935913,206.05
7.34419059753418,208.89
7.4834678173065186,210.37
7.618243932723999,212.71
7.7537782192230225,215.35
7.888089418411255,213.0
8.023242712020874,203.76
8.168716192245483,203.96
8.326041221618652,206.45
8.467301607131958,210.15
8.607759237289429,213.67
8.745652437210083,215.93
8.88102912902832,212.99
9.039180517196655,203.86
9.181104183197021,206.02
9.33677053451538,207.72
9.51292085647583,210.54
9.659930944442749,215.45
9.802905321121216,211.73
9.947977781295776,204.83
10.130152940750122,208.01
10.287352085113525,210.73
10.424025535583496,209.76
10.593671798706055,83.88
10.769856214523315,87.96
