Time (s),IPS
6.914138793945312e-05,7601453322
1.1608877182006836,6646476613
2.31246280670166,6668821475
3.4492549896240234,6800922805
4.5935845375061035,6730759229
5.744536399841309,6686440708
6.879617691040039,6966024452
8.045953273773193,7619497827
9.217971086502075,7688335529
10.386043071746826,1268381434
