Time (s),IPS
6.365776062011719e-05,7556252580
1.1595466136932373,7273195362
2.2942142486572266,7416137423
3.4392547607421875,7427030610
4.5895774364471436,7345285809
5.730923891067505,7276314605
6.8594746589660645,7464654126
8.043889999389648,8546821095
9.219867706298828,8462266884
10.375675678253174,1344465968
