Time (s),GPU 0 Power (W)
0.10020303726196289,54.35
0.242584228515625,55.64
0.39716577529907227,61.65
0.5471372604370117,55.72
0.668550968170166,54.15
0.7898163795471191,54.25
0.9126782417297363,56.23
1.0393505096435547,216.62
1.2293570041656494,220.55
1.3785219192504883,221.03
1.510939121246338,219.57
1.6455354690551758,219.57
1.7776703834533691,219.86
1.9308428764343262,220.24
2.0976998805999756,222.22
2.252584934234619,221.84
2.385093927383423,220.55
2.533616781234741,220.74
2.669534206390381,221.15
2.82077956199646,220.94
2.986610174179077,222.51
3.127884864807129,222.31
3.283015489578247,220.84
3.4080498218536377,220.94
3.556640863418579,220.84
3.7088053226470947,222.64
3.8566131591796875,222.73
3.9940249919891357,222.73
4.131260871887207,221.27
4.264572381973267,221.32
4.401106595993042,221.54
4.5523669719696045,221.35
4.728945970535278,222.83
4.8876051902771,223.02
5.024759292602539,221.72
5.161131143569946,221.54
5.296435117721558,221.65
5.432220458984375,221.81
5.6108269691467285,223.51
5.789599180221558,223.51
5.923660755157471,222.1
6.0563178062438965,221.81
6.191986322402954,222.03
6.328708648681641,222.29
6.477571249008179,223.68
6.626909017562866,224.2
6.800487995147705,222.51
6.9385082721710205,222.48
7.093766689300537,222.19
7.249047517776489,223.41
7.413062572479248,224.25
7.567713499069214,222.41
7.7186901569366455,222.61
7.853311777114868,222.45
7.991037130355835,222.51
8.127618312835693,224.18
8.296223878860474,223.9
8.43672776222229,223.8
8.572633028030396,222.51
8.70850658416748,222.22
8.844574689865112,222.24
8.984956502914429,222.6
9.132811546325684,223.99
9.271339893341064,223.13
9.429067611694336,222.81
9.577334880828857,222.73
9.725087642669678,222.7
9.860642671585083,224.09
10.022048473358154,224.78
10.166626214981079,223.13
10.31641173362732,223.23
10.44994044303894,57.3
10.597121953964233,56.71
10.786621332168579,62.34
