Time (s),SM Clock (MHz),SM Active,FP32 FLOPS (TFLOPS),FP64 FLOPS (TFLOPS),FP16 FLOPS (TFLOPS)
0.50058913230896,1410.0,0,0.0,0.0,0.0
1.3193769454956055,795.0,0.995,0.5030159616,0.0,0.0
2.2259249687194824,750.0,0.995,0.48485952,0.0,0.0
3.1427111625671387,600.0,0.995,0.387887616,0.0,0.0
4.050279140472412,645.0,0.995,0.4347229824,0.0,0.0
4.98108434677124,675.0,0,0.0,0.0,0.0
5.886897325515747,690.0,0.995,0.4840342272,0.0,0.0
6.798466205596924,705.0,0,0.0,0.0,0.0
7.698784589767456,735.0,0,0.0,0.0,0.0
8.586496829986572,705.0,0,0.0,0.0,0.0
9.483842372894287,705.0,0,0.0,0.0,0.0
10.406806945800781,705.0,0.994,0.47468477952,0.0,0.0
11.337735652923584,705.0,0,0.0,0.0,0.0
12.221313953399658,1410.0,0,0.0,0.0,0.0
