Time (s),IPS
5.364418029785156e-05,8478583151
1.1505162715911865,7347823810
2.279099941253662,7418197226
3.4004197120666504,7312208425
4.539820194244385,7472525171
5.6654863357543945,7345397865
6.792769193649292,7367561635
7.933645009994507,8641892236
9.109774351119995,8520332487
10.280014991760254,1439132795
