Time (s),IPS
5.602836608886719e-05,8575815179
1.1566109657287598,7477709415
2.2802388668060303,7448164691
3.4145405292510986,7508466234
4.549980163574219,7616142630
5.702627182006836,7414068383
6.822695255279541,7406290861
7.950179100036621,8106423053
9.109181642532349,8722558352
10.283136367797852,7272557158
