Time (s),IPS
5.245208740234375e-05,8460075886
1.1395683288574219,7339420411
2.272174119949341,7238303738
3.4055795669555664,7337834541
4.543805122375488,7334825273
5.677827596664429,7230640678
6.803997278213501,7362842973
7.951780080795288,8477644724
9.135666131973267,8357802516
10.287554025650024,1313472241
