Time (s),IPS
5.1021575927734375e-05,7480403492
1.1839776039123535,7306741083
2.3557751178741455,8820104568
3.535823106765747,8799928834
4.715710163116455,8789222674
5.8957884311676025,8799643984
7.075721979141235,8803251232
8.251726150512695,8793852512
9.42776107788086,8845137799
10.595763444900513,8803693932
11.770835161209106,8800382241
12.947771310806274,8794667883
14.102331638336182,419250988
