Time (s),IPS
4.982948303222656e-05,5405790179
1.1834733486175537,5425482799
2.367253541946411,8136452035
3.5352251529693604,8915371245
4.711297512054443,8902559445
5.877901792526245,8911535919
7.052207946777344,8906851828
8.232112646102905,8914893003
9.412176609039307,8908324186
10.588162899017334,8909392654
11.753962993621826,9006701091
12.952146053314209,6721959510
