Time (s),SM Clock (MHz),SM Active,FP32 FLOPS (TFLOPS),FP64 FLOPS (TFLOPS),FP16 FLOPS (TFLOPS)
0.5006687641143799,1320.0,0,0.0,0.0,0.0
1.342404842376709,1320.0,0.704,0.0,0.52027785216,0.0
2.1812400817871094,1320.0,1.0,0.0,3.0108672,0.0
2.997149705886841,1320.0,1.0,0.0,3.0108672,0.0
3.8322927951812744,1320.0,1.0,0.0,3.0108672,0.0
4.667461156845093,1320.0,0.424,0.0,0.1740828672,0.0
5.483586072921753,1320.0,1.0,0.0,3.0108672,0.0
6.301487922668457,1320.0,1.0,0.0,3.0108672,0.0
7.120765686035156,1320.0,1.0,0.0,3.0108672,0.0
7.952404737472534,1320.0,0,0.0,0.0,0.0
8.777555465698242,1320.0,1.0,0.0,3.0108672,0.0
9.609322547912598,1320.0,1.0,0.0,3.0108672,0.0
10.429731607437134,1320.0,1.0,0.0,3.0108672,0.0
11.313746929168701,1320.0,1.0,0.0,2.4634368,0.0
12.144891500473022,1320.0,1.0,0.0,3.0108672,0.0
12.994136333465576,1320.0,1.0,0.0,3.0108672,0.0
13.833340406417847,1320.0,1.0,0.0,3.0108672,0.0
14.66301417350769,1320.0,0.787,0.0,0.70368528384,0.0
15.509678840637207,1320.0,1.0,0.0,3.0108672,0.0
16.37449336051941,1320.0,1.0,0.0,3.0108672,0.0
17.196139574050903,1320.0,0.463,0.0,0.211216896,0.0
18.026097536087036,1320.0,1.0,0.0,3.0108672,0.0
18.844232082366943,1320.0,1.0,0.0,3.0108672,0.0
19.68722128868103,1320.0,1.0,0.0,3.0108672,0.0
20.535890579223633,1320.0,1.0,0.0,3.0108672,0.0
21.37568187713623,1320.0,1.0,0.0,1.72440576,0.0
22.210451126098633,1320.0,0,0.0,0.0,0.0
23.05044174194336,1320.0,0.216,0.0,0.13006946304,0.0
23.89825940132141,1320.0,0.481,0.0,0.22820548608,0.0
24.737518310546875,1320.0,1.0,0.0,3.0108672,0.0
25.569773197174072,1320.0,1.0,0.0,3.0108672,0.0
26.38895273208618,1320.0,1.0,0.0,3.0108672,0.0
27.23015832901001,1320.0,0.016,0.0,0.00014598144,0.0
28.061163902282715,1320.0,1.0,0.0,2.6094182399999997,0.0
28.897773504257202,1320.0,1.0,0.0,3.0108672,0.0
29.75088906288147,1290.0,0,0.0,0.0,0.0
