Time (s),Package Power (W),DRAM Power (W)
0.0,116.615302,17.399556
0.5009100437164591,116.589422,17.200934
1.0017552375794025,116.622384,17.133492
1.5026144981384562,116.484442,17.071068
2.0035316944122883,116.673896,17.027
2.504405260086088,116.561226,16.972996
3.0052995681763264,116.503362,17.171006
3.506220817565975,116.664252,17.158949999999997
4.007167816162166,116.638252,17.164642
4.508054018020687,116.612006,17.038384
5.008921623230037,116.488106,16.940834000000002
5.509778499603328,116.791692,17.169538
6.010692596435604,116.49128,17.004634000000003
6.511610746383724,116.652412,16.595084
7.012522459030208,116.565374,16.546492
7.513406276702938,116.676704,16.56852
8.014314889907922,116.604072,16.635906
8.51524734497076,116.518134,16.554998
9.016144514083948,116.659734,16.642727999999998
9.517054557800321,116.630806,16.92088
10.017948389053402,116.596014,17.114704
10.518846273422326,116.626656,17.20485
11.019765377044735,116.604802,16.757080000000002
11.520622253418026,116.676948,16.731468
12.021524190902767,116.502266,16.661028
12.522426843643245,116.61994,16.677826000000003
13.023309469223108,116.60395,16.70671
13.52421665191656,116.604194,16.762622
14.025110006332426,116.598824,17.083122
14.525992631912288,116.629218,17.267856000000002
15.026907205581722,116.523504,17.106746
15.527793169021663,116.634468,17.014854
16.028666019439783,116.558782,17.129634
16.529572486877527,116.590034,17.040039999999998
17.030449151992826,116.643988,16.978378
17.53133606910714,116.672798,17.118988
18.032268285751428,116.47846,17.081042
18.53315210342413,116.684274,17.102524
19.03406524658206,116.611274,17.03768
19.534965038299617,116.621404,16.990008000000003
20.035836219787626,116.521308,16.907510000000002
20.536764383316097,116.584054,16.79576
21.037683248519926,116.626776,16.643982
21.538526535034237,116.59931,16.727858
