Time (s),SM Clock (MHz),DRAM Active,FP16 Active,FP32 Active,FP64 Active,Power (W)
0.0,1185.0,0.025,0.0,0.235,0.0,48
0.7974550724028973,1185.0,0.032,0.0,0.0,0.0,48
1.6004219055175781,1185.0,0.0,0.0,0.0,0.0,159
2.3999841213226034,870.0,0.046,0.0,0.0,0.0,39
3.2220580577850058,870.0,0.0,0.0,0.0,0.0,39
4.038280248641968,870.0,0.0,0.0,0.0,0.0,39
4.854314565658541,765.0,0.0,0.0,0.0,0.0,38
5.6835777759552,765.0,0.0,0.0,0.0,0.0,38
6.511057138442936,1200.0,0.047,0.0,0.0,0.0,43
7.339174747467013,1200.0,0.022,0.0,0.3,0.0,49
8.132089853286715,1200.0,0.0,0.0,0.0,0.0,49
8.925899028778048,765.0,0.0,0.0,0.0,0.0,38
9.753174781799288,765.0,0.0,0.0,0.0,0.0,38
10.580560445785494,765.0,0.0,0.0,0.0,0.0,38
11.410561323165865,810.0,0.025,0.0,0.0,0.0,42
12.23229241371152,1110.0,0.0,0.0,0.0,0.0,65
13.056348085403414,1110.0,0.059,0.0,0.0,0.0,45
13.856353282928438,1170.0,0.003,0.0,0.0,0.0,46
14.654757261276217,1185.0,0.031,0.0,0.343,0.0,48
15.450650691986056,1185.0,0.0,0.0,0.0,0.0,48
16.258428335189762,1185.0,0.0,0.0,0.0,0.0,48
17.053956747054997,1410.0,0.0,0.0,0.0,0.0,64
18.288376569747896,1410.0,0.0,0.0,0.0,0.0,64
