Time (s),IPS,Memory Throughput (MB/s)
0.0,6612420946,711.0630696000001
1.4947824478149414,5509098471,452.4727558
2.7187697887420654,5952106904,1590.119141
4.396799087524414,6921633246,1835.53929
5.628897190093994,8590631653,728.0815230000001
6.833100318908691,8175072871,426.69865940000005
8.016762018203735,6525631460,1372.7799644
9.443980693817139,8306784910,1933.3927756
10.644887208938599,8544261234,822.9675272000001
11.83933210372922,6593911080,472.9829806000001
13.060868024826021,5312622952,1568.2772196
14.60128903388977,5229421137,1802.8655372
16.442924737930298,5368449067,722.5869638
17.727697849273653,6161853918,473.7799014000001
19.342180013656616,5743241774,1567.7214722000003
20.984875440597534,5439753443,1819.2128994
22.27211856842041,4699462923,730.545686
23.708183526992798,233986603,442.3434730000001
24.866710662841797,593648314,1463.712822
