Time (s),IPS,Memory Throughput (MB/s)
0.0,5336985111,1525.4532124000002
1.2137994766235352,5434927144,1827.3813376
2.4897677898406982,7974824162,752.5868376
3.937077999114962,8705373387,356.03485320000004
5.124066114425688,8017667310,846.0887162
6.633283853530884,5877858946,1984.9619400000004
7.80407762527463,8549277998,1219.026679
9.000346422195435,6332044036,336.45786460000005
10.200334787368774,6622113450,488.166419
11.665544509887667,6816709922,1668.9828427999998
12.896238088607788,8643173296,1724.3059236
14.080244541168184,8248236001,627.5646442000001
15.661309957504272,6194849772,435.5067314000001
17.051018714904785,4093738140,1561.6606798
18.246360063552885,289615975,1803.1276822
19.45424461364746,625643994,698.301851
