Time (s),Package Power (W),DRAM Power (W)
0.0,125.49382,17.08701
0.5009129047393799,125.62297,17.122414
1.001774549484253,125.643234,17.090192000000002
1.5026617050170898,125.668012,17.090038
2.003580093383789,125.529708,17.000044000000003
2.504489898681669,125.63591,17.11409
3.005403995513916,125.591596,17.033521999999998
3.50632381439209,125.526414,17.196894
4.007258892059326,125.579144,17.177922000000002
4.508165359497042,125.683762,17.085968
5.0090155601501465,125.53703,16.689208
5.50994610786438,125.593796,16.512158
6.010800123214722,125.473312,16.537157999999998
6.511678218841524,125.727828,16.580734
7.012574672698975,125.60942,16.538258
7.513446092605591,125.630414,16.577244
8.014392614364624,125.585984,16.933062
8.515283584594727,125.496136,17.276178
9.016151905059786,125.659102,17.110571999999998
9.517040967941284,125.50029,16.624032
10.017879962921143,125.741866,16.70295
10.51878261566165,125.560714,16.549182000000002
11.019673824310303,125.54094,16.702213999999998
11.5205557346344,125.543988,16.965558
12.02146887779233,125.644088,17.185788
12.522393703460693,125.58049,17.064394
13.02326512336731,125.559248,16.693922
13.524170160293579,125.717696,16.633333999999998
14.025046825408936,125.590742,16.603714
14.525977849960327,125.586716,16.476323999999998
15.026851415634184,125.536544,16.618524
15.527752161026001,125.647504,16.852308
16.028666973114014,125.530686,17.064577999999997
16.529550790786743,125.690962,17.286308
17.030526638031006,125.542036,17.127584
17.531401157379122,125.46843,16.698178
18.032309770584106,125.593062,16.54242
18.533197164535522,125.77934,16.584035999999998
19.034103870391817,125.484666,16.541718
19.535015106201172,125.620162,16.56984
20.03589129447937,125.661298,16.65916
20.536820888519287,125.689254,16.789606
21.037711381912203,125.348434,17.042242
21.53887104988098,125.841718,17.262990000000002
22.039828062057495,125.568406,17.182328
22.540755987167387,125.658368,17.093192
23.041616678237943,125.594406,17.285449999999997
23.542576074600163,125.589644,17.35326
24.043450593948364,125.499434,16.945698
24.544340610504122,125.663498,16.632906
25.045217275619507,125.472334,16.582506
25.546122074127197,125.724166,16.661762
26.047010183334322,125.551436,16.612374
26.547855615615816,125.673016,16.772745999999998
