Time (s),Package Power (W),DRAM Power (W)
0.0,125.704634,17.007816
0.500887393951416,125.36064,16.966354
1.0018599033355713,125.818526,17.208278
1.5027990341186523,125.533126,17.025869999999998
2.0037996768951416,125.720626,17.009958
2.504732847213745,125.45012,16.996862
3.005782127380371,125.663372,17.126421999999998
3.506742000579834,125.642624,16.628836
4.007630825042725,125.559126,16.552916
4.508529901504517,125.664838,16.584804
5.0094029903411865,125.603318,16.514482
5.510324478149414,125.538252,16.46632
6.011194467544584,125.605392,16.584648
6.512089014053345,125.742476,16.863386
7.013138294219942,125.41545,17.200932
7.514141321182251,125.588912,17.099035999999998
8.015062093734713,125.74394,16.704694
8.515970468521118,125.480514,16.537922000000002
9.016852140426636,125.732956,16.633913999999997
9.517761468887329,125.570356,16.628743999999998
10.01858139038086,125.65068,16.994872
10.519607305526733,125.660078,17.124252
11.020666599273653,125.342576,17.001358000000003
11.521530151367188,125.84062,17.013326
12.022573709487915,125.480878,17.181350000000002
12.523625850677519,125.70488,17.043709999999997
13.024519681930542,125.50737,16.548786
13.525416374206543,125.572552,16.507413999999997
14.026312828063936,125.660936,16.492266
14.52719783782959,125.656414,16.55864
15.028115272521944,125.496996,16.481068
15.52896547317502,125.665936,16.868464
16.02999210357666,125.57695,17.132636
16.531033277511597,125.641646,17.062866
17.031951189041138,125.6862,16.989548
17.532875776290894,125.68486,17.024188000000002
18.033934116363525,125.37114,16.8408
18.534778118133517,125.710372,16.563414
19.035748958587675,125.644452,16.487372
19.536601781845093,125.542648,16.445236
20.037509202957153,125.740766,16.564544
20.538431406021118,125.52336,16.585782000000002
