Time (s),Package Power (W),DRAM Power (W)
0.0,134.703512,17.261124000000002
0.5008821487426758,134.53078399999998,17.479456
1.0017879009246826,134.447654,17.172138
1.5026707649230957,134.79055,17.169814000000002
2.003542423248291,134.492452,17.10136
2.504421949386625,134.51320600000005,17.071984
3.005307197570801,134.57314000000002,17.075444
3.5061957836151123,134.576562,17.117088
4.007097005844145,134.516744,17.085112000000002
4.507969856262207,134.72524199999998,17.174709999999997
5.008860349655151,134.41542800000002,17.144046000000003
5.509778738021851,134.700826,17.023362
6.010634899139404,134.527732,16.715894
6.511540174484253,134.71022599999998,16.662309999999998
7.012409687042236,134.508934,16.676266
7.513333559036255,134.615256,16.655763999999998
8.01423692703247,134.576436,16.646554000000002
8.515068292617798,134.529564,16.913690000000003
9.015979290008545,134.696066,17.358494
9.51668095588684,134.59938799999998,17.276668
10.017628908157349,134.419088,16.812587999999998
10.518554449081421,134.750388,16.731988
11.019401550292969,134.472922,16.750838
11.520302057266235,134.64162199999998,16.775532
12.021214008331299,134.54262599999998,17.11314
12.522115468978882,134.55653999999998,17.318407999999998
13.02302622795105,134.617454,17.11617
13.523863792419434,134.646626,16.712834
14.024786949157715,134.454246,16.685200000000002
14.525673866271973,134.78090600000002,16.763904
15.02657127380374,134.46694,16.743188
15.527462005615234,134.706198,16.784129999999998
16.028345584869385,134.49733600000002,16.953656000000002
16.529258489608765,134.521996,17.153717999999998
17.030125379562378,134.680564,17.114578
17.530996561050415,134.607076,17.232146
18.03191041946414,134.454856,16.61681
18.532766819000244,134.6166,16.71118
19.033676385879488,134.595236,16.670634
19.53455138206482,134.634298,16.738844
20.035452365875244,134.541526,16.758978
20.536352157592773,134.52077400000002,16.727276
21.037219524383545,134.63063599999998,17.11617
21.538085460662842,134.530174,17.254056
22.038984775543213,134.644186,17.197536
22.539861679077177,134.436912,17.231258
23.040781021118164,134.758078,17.238447999999998
23.541673898696928,134.54152599999998,17.23334
24.04257059097293,134.519064,16.947623999999998
24.543461322784424,134.620016,16.693006
25.04432988166812,134.562644,16.653988
25.545225858688383,134.640404,16.664514
26.046085596084623,134.542258,16.713476
26.54698657989502,134.673482,16.859958
