Time (s),SM Clock (MHz),DRAM Active,FP16 Active,FP32 Active,FP64 Active,Power (W)
0.0,1200.0,0.053,0.0,0.003,0.0,49
0.7897200584411621,1215.0,0.0,0.0,0.0,0.0,50
1.5888774394989014,1215.0,0.031,0.0,0.331,0.0,50
2.383409261703491,960.0,0.0,0.0,0.0,0.0,41
3.1744556427001953,765.0,0.0,0.0,0.0,0.0,38
3.9950602054595947,765.0,0.0,0.0,0.0,0.0,38
4.8203325271606445,765.0,0.0,0.0,0.0,0.0,38
5.646563291549683,915.0,0.002,0.0,0.0,0.0,127
6.473257064819336,1185.0,0.021,0.0,0.381,0.0,49
7.282066583633423,1185.0,0.0,0.0,0.0,0.0,48
8.076295137405396,765.0,0.0,0.0,0.0,0.0,39
8.86799669265747,1365.0,0.011,0.0,0.0,0.0,60
9.699829339981079,1410.0,0.019,0.0,0.368,0.0,67
10.482216119766235,1410.0,0.022,0.0,0.008,0.0,67
11.265840768814087,960.0,0.0,0.0,0.0,0.0,44
12.046759128570557,765.0,0.0,0.0,0.0,0.0,39
12.860204935073853,765.0,0.0,0.0,0.0,0.0,38
13.688575029373169,765.0,0.0,0.0,0.0,0.0,38
14.510075807571411,1050.0,0.0,0.0,0.0,0.0,43
15.331092119216919,1200.0,0.045,0.0,0.0,0.0,55
16.128900051116943,1200.0,0.007,0.0,0.0,0.0,49
16.935138463974,1380.0,0.054,0.0,0.0,0.0,61
17.71854329109192,1380.0,0.0,0.0,0.0,0.0,63
18.522070169448853,1200.0,0.027,0.0,0.239,0.0,50
19.30756402015686,1215.0,0.0,0.0,0.0,0.0,159
20.103519916534424,1260.0,0.023,0.0,0.29,0.0,53
20.901638746261597,1290.0,0.0,0.0,0.0,0.0,57
21.693629264831543,1290.0,0.022,0.0,0.234,0.0,55
22.481359004974365,1290.0,0.001,0.0,0.0,0.0,202
23.27105474472046,1185.0,0.03,0.0,0.0,0.0,49
24.082346200942993,1410.0,0.0,0.0,0.0,0.0,66
25.149271965026855,1410.0,0.0,0.0,0.0,0.0,66
