Time (s),Package Power (W),DRAM Power (W)
0.0,134.55141400000002,17.222998
0.500883579254122,134.52760999999998,17.2147
1.001786708831787,134.58535,17.130708
1.5026724338531494,134.605,17.178534
2.0035758018493652,134.44802,17.222506000000003
2.504512071609497,134.632712,17.263204
3.0053672790527344,134.56923799999998,17.273364
3.5062646865844727,134.75343800000002,17.262988
4.007164478302002,134.485618,17.2502
4.508060693740845,134.62734,17.39142
5.008966684341431,134.59938599999998,16.805244000000002
5.509897232055664,134.427146,16.693156000000002
6.010765314102173,134.625388,16.756498
6.511683225631714,134.70363600000002,16.735508
7.012573719024658,134.573628,16.756866000000002
7.513489723205566,134.631248,16.645850000000003
8.014617681503296,134.49672800000002,16.954726
8.515452861785889,134.67873,17.314396000000002
9.016356706619263,134.61245,17.153688
9.51724123954773,134.44094,16.749306
10.018148660659762,134.643698,16.661915999999998
10.519014120101929,134.48891400000002,16.737769999999998
11.019891738891602,134.636374,16.946894
11.520833492279053,134.53945,17.167548
12.02173137664795,134.738912,17.208858
12.5226309299469,134.592186,17.005614
13.023548364639282,134.55178,16.713658000000002
13.524405002593994,134.63759399999998,16.731651999999997
14.025294303894043,134.5187,16.673113999999998
14.526188373565674,134.6227,16.701909999999998
15.02710223197937,134.576194,16.681252
15.528009414672852,134.59242999999998,16.99172
16.028892278671265,134.597676,17.299528000000002
16.529815435409546,134.613426,17.237898
17.030725240707397,134.40810399999998,16.8658
17.531654119491577,134.667258,16.595146
18.03248906135559,134.629414,16.664944
18.533395051956177,134.547996,16.697470000000003
19.03431487083435,134.50881199999998,16.642789999999998
19.535215139389038,134.486106,16.661334
20.036169052124023,134.872946,16.84937
20.53707218170166,134.374046,17.146250000000002
21.03797459602356,134.673604,17.139396
21.53889226913452,134.663962,17.17725
22.039750337600708,134.54299,17.229053999999998
22.54064440727234,134.61818599999998,16.808092000000002
23.041531324386597,134.572654,16.607628
23.542404413223267,134.559104,16.645728
24.043318510055542,134.406882,16.592696
24.54421639442444,134.779562,16.796278
