Time (s),SM Clock (MHz),DRAM Active,FP16 Active,FP32 Active,FP64 Active,Power (W)
0.0,1185.0,0.031,0.0,0.185,0.0,49
0.7920486927032471,1200.0,0.0,0.0,0.0,0.0,67
1.5866305828094482,1200.0,0.027,0.0,0.0,0.0,50
2.3778319358825684,1200.0,0.049,0.0,0.007,0.0,49
3.169710874557495,1215.0,0.0,0.0,0.0,0.0,51
3.963308572769165,1215.0,0.023,0.0,0.116,0.0,50
4.749836444854736,1215.0,0.0,0.0,0.0,0.0,50
5.539714813232422,765.0,0.0,0.0,0.0,0.0,39
6.362264394760132,765.0,0.0,0.0,0.0,0.0,39
7.184287786483765,765.0,0.0,0.0,0.0,0.0,39
8.011614561080933,1185.0,0.051,0.0,0.0,0.0,49
8.80211067199707,1185.0,0.0,0.0,0.0,0.0,49
9.593146324157715,765.0,0.0,0.0,0.0,0.0,39
10.386378765106201,765.0,0.0,0.0,0.0,0.0,108
11.211145639419556,1230.0,0.027,0.0,0.346,0.0,52
12.009149551391602,1230.0,0.0,0.0,0.0,0.0,51
12.801588535308838,765.0,0.0,0.0,0.0,0.0,51
13.592308282852173,765.0,0.0,0.0,0.0,0.0,39
14.419925451278687,765.0,0.0,0.0,0.0,0.0,39
15.246944427490234,1410.0,0.0,0.0,0.0,0.0,67
16.06536078453064,1410.0,0.0,0.0,0.0,0.0,67
16.856836557388306,1410.0,0.0,0.0,0.0,0.0,67
17.644527673721313,765.0,0.0,0.0,0.0,0.0,39
18.43078899383545,765.0,0.0,0.0,0.0,0.0,39
19.25471544265747,990.0,0.0,0.0,0.0,0.0,99
20.080828189849854,1035.0,0.026,0.0,0.4,0.0,43
20.886146306991577,1410.0,0.021,0.0,0.263,0.0,67
21.68755578994751,1410.0,0.0,0.0,0.0,0.0,67
22.47308373451233,735.0,0.0,0.0,0.0,0.0,40
23.25570845603943,675.0,0.0,0.0,0.0,0.0,39
