Time (s),Package Power (W),DRAM Power (W)
0.0,152.78867000000002,17.429332
0.5009045600891113,152.61203799999998,17.25488
1.0017879009246826,152.652196,17.269846
1.5027635097503662,152.556982,17.252921999999998
2.0036516189575195,152.473976,17.225414
2.5045390129089355,152.54685,17.235174
3.005458354949951,152.658424,17.241632000000003
3.5063140392303467,152.400242,17.192425999999998
4.007220983505249,152.56321,17.202738
4.508148193359347,152.65036600000002,17.230828000000002
5.0090391635894775,152.61960399999998,17.110542000000002
5.509939432144165,152.438698,16.591688
6.010847330093384,152.724582,16.591715999999998
6.511695384979248,152.43882000000002,16.610386
7.012588262557983,152.427832,16.540064
7.513476610183716,152.694678,16.546612
8.014396667480469,152.574928,16.6953
8.515237808227539,152.583472,17.156868
9.016117572784424,152.372046,17.093406
9.517035961151123,152.748876,16.523694
10.017933368682861,152.634496,16.504202
10.518853664398193,152.282936,16.458548
11.019757270812988,152.64548200000002,16.836516
11.520628452301025,152.617408,17.189642
12.02156686782837,152.643654,17.086978
12.522467851638794,152.472876,17.029208
13.023425340652494,152.604222,17.250534000000002
13.52438235282898,152.686376,16.801878000000002
14.025277376174927,152.569558,16.628591999999998
14.526242971420288,152.45041400000002,16.560782
15.027177572250366,152.72983399999998,16.56748
15.528136253356934,152.58346999999998,16.499398
16.02908444404602,152.53855199999998,16.798208000000002
16.52994394302368,152.398414,17.1834
17.030864238739014,152.67612200000002,17.015985999999998
17.531707048416138,152.594092,16.653592
18.032626390457153,152.592748,16.478772
18.533454179763794,152.541724,16.466992
19.03433346748352,152.498878,16.518217999999997
19.535224437713623,152.51803999999998,16.618338
