Time (s),SM Clock (MHz),DRAM Active,FP16 Active,FP32 Active,FP64 Active,Power (W)
0.0,975.0,0.03,0.0,0.458,0.0,41
0.8241629600524902,1080.0,0.011,0.0,0.0,0.0,43
1.6280364990234375,1155.0,0.047,0.0,0.169,0.0,149
2.4393439292907715,1185.0,0.024,0.0,0.053,0.0,49
3.230351448059082,1200.0,0.029,0.0,0.312,0.0,49
4.016185283660889,1215.0,0.058,0.0,0.003,0.0,50
4.807491779327393,1215.0,0.0,0.0,0.0,0.0,141
5.596050262451172,1215.0,0.0,0.0,0.0,0.0,50
6.387341499328613,765.0,0.0,0.0,0.0,0.0,39
7.2155749797821045,765.0,0.0,0.0,0.0,0.0,39
8.036498308181763,765.0,0.001,0.0,0.0,0.0,39
8.861976861953735,765.0,0.002,0.0,0.0,0.0,113
9.691579580307007,1155.0,0.0,0.0,0.0,0.0,47
10.483000993728638,1155.0,0.0,0.0,0.0,0.0,47
11.276159763336182,765.0,0.0,0.0,0.0,0.0,70
12.103180885314941,1185.0,0.036,0.0,0.233,0.0,49
12.92115831375122,1185.0,0.03,0.0,0.0,0.0,49
13.714615106582642,1185.0,0.0,0.0,0.0,0.0,49
14.506864547729492,765.0,0.0,0.0,0.0,0.0,39
15.331157922744751,765.0,0.0,0.0,0.0,0.0,39
16.153584241867065,765.0,0.0,0.0,0.0,0.0,105
16.97733473777771,975.0,0.031,0.0,0.0,0.0,41
17.78714394569397,975.0,0.0,0.0,0.0,0.0,41
18.592226028442383,765.0,0.0,0.0,0.0,0.0,39
19.413631439208984,270.0,0.0,0.0,0.0,0.0,35
