Time (s),SM Clock (MHz),DRAM Active,FP16 Active,FP32 Active,FP64 Active,Power (W)
0.0,1410.0,0.056,0.0,0.049,0.0,65
0.7800126075744629,1395.0,0.0,0.0,0.0,0.0,64
1.5765771865844727,1230.0,0.033,0.0,0.0,0.0,125
2.3637757301330566,990.0,0.027,0.0,0.312,0.0,41
3.160867929458618,1185.0,0.048,0.0,0.02,0.0,48
3.9570059776306152,1185.0,0.04,0.0,0.0,0.0,50
4.747720003128052,1185.0,0.0,0.0,0.0,0.0,174
5.552849531173706,870.0,0.0,0.0,0.0,0.0,39
6.346571683883667,765.0,0.0,0.0,0.0,0.0,38
7.172094106674194,765.0,0.0,0.0,0.0,0.0,38
7.9940104484558105,765.0,0.001,0.0,0.0,0.0,38
8.81869649887085,1230.0,0.0,0.0,0.0,0.0,47
9.652995824813843,1230.0,0.0,0.0,0.0,0.0,51
10.442590951919556,1230.0,0.0,0.0,0.0,0.0,51
11.23200535774231,765.0,0.0,0.0,0.0,0.0,38
12.062986850738525,1020.0,0.038,0.0,0.146,0.0,41
12.87088680267334,1020.0,0.028,0.0,0.0,0.0,41
13.67479920387268,1125.0,0.0,0.0,0.0,0.0,45
14.4708731174469,1125.0,0.0,0.0,0.0,0.0,45
15.261241436004639,765.0,0.0,0.0,0.0,0.0,38
16.05606460571289,840.0,0.0,0.0,0.0,0.0,104
16.880645990371704,1080.0,0.026,0.0,0.066,0.0,44
17.696691036224365,1080.0,0.0,0.0,0.0,0.0,43
18.495264768600464,300.0,0.0,0.0,0.0,0.0,43
19.289714097976685,225.0,0.0,0.0,0.0,0.0,34
