Time (s),SM Clock (MHz),DRAM Active,FP16 Active,FP32 Active,FP64 Active,Power (W)
0.0,960.0,0.044,0.0,0.046,0.0,41
0.8030314445495605,1155.0,0.004,0.0,0.0,0.0,141
1.60636305809021,1185.0,0.044,0.0,0.224,0.0,48
2.4072282314300537,1185.0,0.026,0.0,0.03,0.0,48
3.197274684906006,1215.0,0.031,0.0,0.335,0.0,50
3.9880313873291016,1230.0,0.059,0.0,0.004,0.0,51
4.780990839004517,1230.0,0.0,0.0,0.0,0.0,51
5.573423147201538,1230.0,0.0,0.0,0.0,0.0,51
6.363121747970581,765.0,0.0,0.0,0.0,0.0,38
7.1891539096832275,765.0,0.0,0.0,0.0,0.0,38
8.011453866958618,765.0,0.042,0.0,0.066,0.0,39
8.84690260887146,1155.0,0.0,0.0,0.0,0.0,47
9.674338102340698,1155.0,0.0,0.0,0.0,0.0,47
10.468050479888916,765.0,0.001,0.0,0.0,0.0,38
11.258214235305786,1410.0,0.028,0.0,0.222,0.0,67
12.09481143951416,1410.0,0.022,0.0,0.0,0.0,66
12.877903461456327,1410.0,0.0,0.0,0.0,0.0,67
13.672407150268555,765.0,0.0,0.0,0.0,0.0,39
14.455244779586792,765.0,0.0,0.0,0.0,0.0,38
15.280109643936157,765.0,0.001,0.0,0.0,0.0,39
16.10342311859131,1125.0,0.033,0.0,0.0,0.0,40
16.929525136947632,1125.0,0.044,0.0,0.086,0.0,46
17.72412085533142,1125.0,0.0,0.0,0.0,0.0,46
18.517966985702515,1185.0,0.031,0.0,0.343,0.0,49
19.310309886932373,1185.0,0.045,0.0,0.038,0.0,49
20.10256862640381,1185.0,0.042,0.0,0.0,0.0,49
20.88726544380188,1170.0,0.0,0.0,0.0,0.0,112
21.68116068840027,1320.0,0.033,0.0,0.0,0.0,57
22.476253986358643,1320.0,0.026,0.0,0.091,0.0,57
23.263066053390503,1020.0,0.002,0.0,0.0,0.0,43
24.054328680038452,765.0,0.0,0.0,0.0,0.0,39
24.863818883895874,525.0,0.0,0.0,0.0,0.0,36
25.68397569656372,765.0,0.0,0.0,0.0,0.0,39
