Time (s),IPS,Memory Throughput (MB/s)
0.0005164146423339844,5571404067,617.4563330000001
1.242917537689209,1971168966,537.4811364
2.410731792449951,796496339,4939.231232
3.585864305496216,709646207,10271.218588799999
4.754417419433594,679181649,10729.4270772
5.938398361206055,727613314,10707.7739002
7.130793333053589,703206061,10698.472995600001
8.300947427749634,723583126,10700.234610000001
9.52469515800476,638178810,10721.5627272
10.698268175125122,673609513,10790.024515400002
11.894317626953125,3178666384,10822.708754
13.078099012374878,7082053661,10767.3227584
14.254247426986694,7438849434,2149.4526846
15.436063289642334,7484728229,453.60522220000007
16.596057176589966,6709509956,281.1662412
17.80588698387146,7416996512,385.59432340000006
18.9802508354187,7526304902,317.9189702
20.148367404937744,6438480576,382.45906920000004
21.31826663017273,7204581730,366.6779402
22.4821195602417,7388871762,218.11512580000002
23.662224292755127,7243040575,301.204605
24.805676221847534,7341388633,388.67714860000007
25.992387294769287,7334117186,403.35726860000005
27.16413712501526,7682398444,228.0451784
28.321924924850464,7374313050,430.1589734
29.486226081848145,7232184824,307.6219146
30.660239696502686,7520246767,268.28967880000005
31.828206777572632,7153922834,228.45412460000003
33.03636336326599,7221099603,362.7457652000001
34.20822024345398,7631071382,389.180467
35.37178421020508,6545777598,253.5047008
36.55013847351074,7365192807,374.32208840000004
37.74184608459473,7510405254,404.4792492
38.91870665550232,7034586224,243.1027872
40.08620643615723,7384506807,213.9208058
41.29883027076721,7571520924,381.76700640000007
42.47264504432678,7423612024,385.6362666
43.63413190841675,7272944568,249.5305826
44.81236934661865,7571654485,352.3333658
45.984084129333496,7784675548,293.83308760000006
47.17231464385986,7348527001,327.9329092
48.33809566497803,7641096371,245.14751820000004
49.51404786109924,7504044741,357.8384108
50.70012831687927,2147498024,431.123667
