Time (s),SM Clock (MHz),SM Active,FP32 FLOPS (TFLOPS),FP64 FLOPS (TFLOPS),FP16 FLOPS (TFLOPS)
0.5005979537963867,1410.0,0,0.0,0.0,0.0
1.347536563873291,1410.0,0,0.0,0.0,0.0
2.2140750885009766,1410.0,0,0.0,0.0,0.0
3.0975780487060547,1410.0,0,0.0,0.0,0.0
3.9869611263275146,1410.0,0,0.0,0.0,0.0
4.890012502670288,1410.0,0,0.0,0.0,0.0
5.770974636077881,1410.0,0,0.0,0.0,0.0
6.64323616027832,1410.0,0,0.0,0.0,0.0
7.492616891860962,1410.0,0,0.0,0.0,0.0
8.340677976608276,1410.0,0,0.0,0.0,0.0
9.211753606796265,1410.0,0,0.0,0.0,0.0
10.070890188217163,1410.0,0,0.0,0.0,0.0
10.918952941894531,1410.0,0,0.0,0.0,0.0
11.765663385391235,1410.0,0,0.0,0.0,0.0
12.628395318984985,1410.0,0,0.0,0.0,0.0
13.49852204322815,1410.0,0,0.0,0.0,0.0
14.36203646659851,1410.0,0,0.0,0.0,0.0
15.26946759223938,1410.0,0,0.0,0.0,0.0
16.15459132194519,1410.0,0,0.0,0.0,0.0
17.02087426185608,1410.0,0,0.0,0.0,0.0
17.85900068283081,1410.0,0,0.0,0.0,0.0
18.694794416427612,1410.0,0,0.0,0.0,0.0
19.534351348876953,1410.0,0,0.0,0.0,0.0
20.3932785987854,1410.0,0,0.0,0.0,0.0
21.27320885658264,1410.0,0,0.0,0.0,0.0
22.13391637802124,1410.0,0,0.0,0.0,0.0
22.98132014274597,1410.0,0,0.0,0.0,0.0
23.821178436279297,1410.0,0,0.0,0.0,0.0
24.69752597808838,1410.0,0,0.0,0.0,0.0
25.535717725753784,1410.0,0,0.0,0.0,0.0
26.373349905014038,1410.0,0,0.0,0.0,0.0
27.21444272994995,1410.0,0,0.0,0.0,0.0
28.074877977371216,1410.0,0,0.0,0.0,0.0
28.91772723197937,1410.0,0,0.0,0.0,0.0
29.769598484039307,1410.0,0,0.0,0.0,0.0
30.610366106033325,1410.0,0,0.0,0.0,0.0
31.454270124435425,1410.0,0,0.0,0.0,0.0
32.31760025024414,1410.0,0,0.0,0.0,0.0
33.165555000305176,1410.0,0,0.0,0.0,0.0
