Time (s),SM Clock (MHz),SM Active,FP32 FLOPS (TFLOPS),FP64 FLOPS (TFLOPS),FP16 FLOPS (TFLOPS)
0.500582218170166,1320.0,0,0.0,0.0,0.0
1.372091293334961,1320.0,0,0.0,0.0,0.0
2.255962371826172,1320.0,0,0.0,0.0,0.0
3.1052749156951904,1320.0,0,0.0,0.0,0.0
3.957338809967041,1320.0,0,0.0,0.0,0.0
4.823240041732788,1320.0,0,0.0,0.0,0.0
5.680412530899048,1320.0,0,0.0,0.0,0.0
6.549001932144165,1320.0,0,0.0,0.0,0.0
7.413562059402466,1320.0,0,0.0,0.0,0.0
8.304068803787231,1320.0,0,0.0,0.0,0.0
9.153278589248657,1320.0,0,0.0,0.0,0.0
10.011291742324829,1320.0,0,0.0,0.0,0.0
10.892542839050293,1320.0,0,0.0,0.0,0.0
11.79577898979187,1320.0,0,0.0,0.0,0.0
12.657290935516357,1320.0,0,0.0,0.0,0.0
13.505396604537964,1320.0,0,0.0,0.0,0.0
14.3718581199646,1320.0,0,0.0,0.0,0.0
15.261892318725586,1320.0,0,0.0,0.0,0.0
16.130938291549683,1320.0,0,0.0,0.0,0.0
16.996932983398438,1320.0,0,0.0,0.0,0.0
17.84744954109192,1320.0,0,0.0,0.0,0.0
18.70014524459839,1320.0,0,0.0,0.0,0.0
19.575915336608887,1320.0,0,0.0,0.0,0.0
20.424339294433594,1320.0,0,0.0,0.0,0.0
21.28644299507141,1320.0,0,0.0,0.0,0.0
22.12970757484436,1320.0,0,0.0,0.0,0.0
22.981777667999268,1320.0,0,0.0,0.0,0.0
23.82226324081421,1320.0,0,0.0,0.0,0.0
24.67623496055603,1320.0,0,0.0,0.0,0.0
25.513960361480713,1320.0,0,0.0,0.0,0.0
26.35533833503723,1320.0,0,0.0,0.0,0.0
27.194350242614746,1320.0,0,0.0,0.0,0.0
28.035141706466675,1320.0,0,0.0,0.0,0.0
28.88701820373535,1320.0,0,0.0,0.0,0.0
29.740501880645752,1320.0,0,0.0,0.0,0.0
30.595402240753174,1320.0,0,0.0,0.0,0.0
31.45567774772644,1320.0,0,0.0,0.0,0.0
32.309831380844116,1320.0,0,0.0,0.0,0.0
33.15303015708923,1320.0,0,0.0,0.0,0.0
34.02022695541382,1320.0,0,0.0,0.0,0.0
